Internships,Internships
Summer Internship in Pune,Internships
"php internship , internship for php developer , laravel internship",Internships
BE BCA student Internship in Ahmedabad,Internships
College Project Internship in Ahmedabad,Internships
PHP Web Development Internship In Ahmedabad,Internships
PHP Internship,Internships
INTERNSHIP: JUNIOR,Internships
Summer Internship,Internships
Academy Internship,Internships
SALES INTERNSHIP,Internships
HR ( Internship ),Internships
HR ( Internship ),Internships
SEO ( Internship ),Internships
SEO Internship,Internships
HR ( Internship ),Internships
CEH Internship,Internships
SEO ( Internship ),Internships
Internship - Marketing,Internships
PHP ( Internship ),Internships
Internship - Software Test Engineer,Internships
Flitter Developer Internship in Ahmedabad,Internships
Hiring for Content Writer ( Internship ),Internships
Internship - Accounting for Movies / Games,Internships
Internship - Accounting for Movies / Games,Internships
Android Internship in Ahmedabad,Internships
Summer Internship in Ahmedabad,Internships
Python Project Internship in Pune,Internships
Machine Learning Internship in Ahmedabad,Internships
Summer Internship in Ahmedabad Gujarat,Internships
Machine Learninig Internship in Pune,Internships
Dot net Internship in Mumbai,Internships
Flitter Developer Internship in Pune,Internships
Python Django Internship in Ahmedabad,Internships
Machine Learning Internship in Ahmedabad,Internships
MBA Freshers / Internship / Apprenticeship,Internships
Python Internship in Pune,Internships
Summer Internship in Pune,Internships
Software Testing Internship in Ahmedabad,Internships
Java Internship in Pune,Internships
Python Internship in Mumbai,Internships
Machine Learning Internship in Pune,Internships
Java internship in Navi mumbai,Internships
Undergraduate Project Controls Engineer,Internships
Undergraduate Project Manager,Internships
Undergraduate Project Manager,Internships
Undergraduate Project Manager,Internships
Undergraduate Project Manager,Internships
Undergraduate Coastal Scientist,Internships
Undergraduate Geotechnical Engineer,Internships
Undergraduate Tunnel Engineer,Internships
Cloud foundry / K8S developer,Internships
"Special Operations Part-Time Clinical Psychologist ( Key West , FL )",Internships
Data Science,Internships
PHP Freshers / Interns,Internships
Associate Validation Engineer,Internships
Mergers & Acquisitions Analyst Intern - Corporate Development,Internships
VIE - Human Resources,Internships
Business Development,Internships
Data Engineer,Internships
KYC Compliance Analyst,Internships
Junior HR Executive,Internships
HR-Trainee,Internships
Content Writer,Internships
Accounts Receivable,Internships
SAP iXp Intern - Developer for Globalization Services Cloud Innovation & Services,Internships
Software Development Engineer,Internships
Account Development Representative,Internships
Highway Engineering Professional ( Roadway Drainage ),Internships
GroupM | mIntern,Internships
Software Development Engineer,Internships
Business Development Officer-CDC,Internships
"Patent Classification Specialist , Physical / Electrical",Internships
Business Development ( Sales ),Internships
HR Executive / HR Recruiter,Internships
Software Trainee-Java,Internships
Market Research,Internships
Field Marketing Executive,Internships
IT Governance Trainee,Internships
Software Development,Internships
NYC: Finance & Operations Intern,Internships
HR- Fresher graduates,Internships
JUNIOR STUDENT COUNSELLOR,Internships
SOCIAL MEDIA MARKETING EXECUTIVE,Internships
Working Student Employee Survey & Insights Team,Internships
Front End Engineer II,Internships
"Security Engineer , Intern",Internships
Civil EIT - Water,Internships
Intern - Engineering,Internships
Intern Civil Engineer,Internships
Front-End Engineer,Internships
Network Engineer,Internships
"Graduate Intern Technical Bangalore , KA",Internships
Junior Marketing executive,Internships
Fresher Software Developer,Internships
Production Engineer,Internships
Marketing / Sales Executive,Internships
Software Development Engineer - II,Internships
Billing Analyst,Internships
Junior Research Analyst ( Part-time ),Internships
Fall 2020 Research Co-Op / Intern - 77147,Internships
Fall 2020 Research Co-Op / Intern - 77148,Internships
Fall 2020 Research Co-Op / Intern - 77146,Internships
Special Operations Clinical Psychologist,Internships
SEO....,Internships
Data Scientist,Internships
Schneider Electric Global Marketing Digital Hub Co-op,Internships
Operations Fall / Spring Co-op,Internships
Marketing Executive - Intern,Internships
"Software Development Engineer , Last Mile Technology , Special Programs",Internships
Mobile Software Engineer Intern,Internships
Cyber Threat Intelligence - An Artificial Intelligence Approach,Internships
Cyber Threat Intelligence: Data Leaks Prevention and Identification,Internships
Stage Retail Marketing,Internships
Executive-Product & Revenue Strategy,Internships
R & D Associate II / Associate Scientist I - Process Engineering & Packaging - BPD,Internships
"Global Future Leaders: Development Operations Engineer , Cloud Services",Internships
Global Future Leaders: Android Devices Product Portfolio & Marketing Product Manager,Internships
Hotel Manager,Internships
"Senior Product Manager , Enablement Solutions Team",Internships
"Manager , Government , School and Community Relations",Internships
Associate IT Analyst II CX Solutions,Internships
Industrial Progress Engineer ( Entry / Experience Level Professional ),Internships
Embedded Software Engineer,Internships
Embedded Software Engineer,Internships
Director of People Services - Education,Internships
Sr. Sourcing Analyst ( Personal Care Products ),Internships
SAP iXp Intern - Product Support,Internships
"Intern , Growth Hacking Content Development",Internships
Senior Engineer Factory Automation ( Smalltalk / Developer with prior automation experience ),Internships
Engineer Factory Automation ( Smalltalk / Developer with prior automation experience ),Internships
Senior Engineer Factory Automation ( Smalltalk / Developer with prior automation experience ),Internships
SoC Design Engineer,Internships
Social Media Intern,Internships
System development Engineer,Internships
Software Development Engineer,Internships
Airfield Design Engineer,Internships
Co-Op Manufacturing Engineering CWC,Internships
Business Development ( Sales ),Internships
Research Intern India,Internships
Research Intern India,Internships
Sr NLP & Text Mining Data Scientist,Internships
NLP & Text Mining Data Scientist,Internships
PHP ( Internship ),Internships
Legal internship,Internships
Accountant ( Internship ),Internships
NGO Internship,Internships
Finance Internship,Internships
Development Internship,Internships
NLP Internship,Internships
Internship Opportunities,Internships
DL Internship,Internships
Finance Internship,Internships
Machine Learning Internship in Pune,Internships
IP Support Engineer - Internship Program,Internships
"digital marketing paid internship , ppc internship",Internships
"PPC Facebook ( SEO ) Internship , Live Project Internship",Internships
"SEO Internship Delhi AIDM , Live Project Internship",Internships
"python developer internship , python internship near me",Internships
online marketing internships,Internships
Internship in Accounts Payable Department,Internships
Internship - Marketing - Graphic Designer,Internships
Internship Marketing Cardiovascular,Internships
Internship: Toolchain support engineer,Internships
Python Django Internship in Pune,Internships
Java Developer Internship in Mumbai,Internships
Software Testing Internship in Mumbai,Internships
Python Machine Learning Internship,Internships
Android Internship in Pune,Internships
Python Developer Internship in Jaipur,Internships
PHP Development Internship in Pune,Internships
Hr Summer Internship,Internships
Summer Internship In Pune,Internships
Python Django Internship in Pune,Internships
Java Developer Internship in Ahmedabad,Internships
Python Internship Program in Mumbai,Internships
Summer Internship in Mumbai,Internships
Online Design Internship,Internships
internship for mca students in delhi,Internships
Machine Learning Internship in Pune,Internships
Java Developer Internship in Pune,Internships
Data Science Internship in Pune,Internships
Careers - Dotnet Developer,Internships
Training program,Internships
MCA Internship With Live Project,Internships
python online internship,Internships
SIMULIA Fluid Dynamics Simulation internship,Internships
Internship - Working Student - Laboratory support,Internships
Live Project Internship for College Students,Internships
Schneider Electric Co-op- Platform Programmer,Internships
"Business Intelligence Analyst-R , SAS & Python Lead ( Officer )",Internships
Graduate - Fintech Future Leaders Programme,Internships
Frontend Developer,Internships
Validation Associate Engineer,Internships
Bell Labs Fall Co-op Robotics Engr,Internships
Merchant - Sam's Club - Optical,Internships
Diversity Leaders,Internships
Freshman Diversity Leaders,Internships
"Freshman Diversity Leaders Intern ( Northwestern , U of Michigan )",Internships
Freshman Diversity Leaders Intern ( Stanford ),Internships
Freshman Diversity Leaders Intern,Internships
Freshman Diversity Leaders Intern ( Georgia Tech ),Internships
Marketing Intern,Internships
Undergraduate Surveyor,Internships
Undergraduate Electrical Engineer ( Power ),Internships
Undergraduate Mechanical Engineer ( Power ),Internships
Senior ASIC Design Engineer,Internships
FinTech Analyst Intern - Panorama,Internships
Front End Engineer,Internships
SAP iXp Intern - Human Resources,Internships
"Associate Consultant , Sales and Use Tax",Internships
2021 IT Intern,Internships
Pricing Team Operations Analyst Part-time Intern,Internships
Human Resources Intern,Internships
Oracle Functional Consultant,Internships
Business Development Representative,Internships
Supply Chain Co-op Fall 2020 ( 8-month term ),Internships
Marketing Executive,Internships
Assistant Professor,Internships
Working Student Total Rewards - Market Intelligence,Internships
Junior Sales Representative,Internships
Community and Business Development Associate,Internships
Intern - Product Engineering,Internships
Consultant,Internships
Full Stack Developer,Internships
Systems Engineering Support ( Bachelor / Master ),Internships
Jr. RPA Developer,Internships
Jr. RPA Developer,Internships
Agile Java Engineer,Internships
Software Development Engineer II,Internships
"Associate Scientist , Medicinal Chemistry",Internships
Freshers- Python Developers,Internships
Management Office SAP HANA & Analytics - Data Management & Platform,Internships
Office Admin,Internships
Graduate Intern Technical,Internships
Senior Software Engineer Backend,Internships
"Consultant , Property Tax Complex ( Engineering Background )",Internships
Global Future Leaders: Organizational Development & Culture Specialist,Internships
Career Growth Consultant,Internships
Training and Placement Co-ordinator,Internships
"Software Engineer , Machine Learning Systems",Internships
Special Operations Clinical Psychologist,Internships
Digital Sales Representative,Internships
HR Intern,Internships
Social Media,Internships
Data Scientist Job at BuddhiMed Technologies,Internships
"Thermal Engineer , Senior",Internships
"SAP iXp Intern , Technical Project Coordinator - SAP Cloud Analytics",Internships
Intern AE - PDK Creation and Design Studies,Internships
Data Scientist Intern,Internships
Industrial Operations & Supply Chain Data Analyst,Internships
Global Future Leaders: Visuals Product Manger,Internships
Global Future Leaders: GSC Procurement Digital Transformation Project Manager,Internships
Design Intern,Internships
Business Development Officer,Internships
Digital marketing intern,Internships
MTS PV Engineer,Internships
Engineering Manager,Internships
Assistant Manager - Business Commercial,Internships
Data Science ( Intern ),Internships
Working Student ( f / m / d ) : Development of XML Module to Simplify Working with XML Data in ABAP,Internships
Placement Officer,Internships
Temp Junior Net & SQL Developer,Internships
Strategy & Marketing Development Intern for Summer 2021,Internships
Customer Service Lead F / H,Internships
Software Development Engineer II,Internships
Performance Analyst Intern - Fall 2020,Internships
System Administrator,Internships
IT Operations Intern,Internships
"Intern , Advanced Sensor Firmware Engineer",Internships
"Intern , Advanced Sensor Software Engineer",Internships
Control Systems Engineer,Internships
Process Electrical Engineer*,Internships
Biopharmaceutical Development Rotational Associates Graduate,Internships
Electrical Engineering Intern - 12 months,Internships
Senior Software Engineer,Internships
Stage SAP - IBM CIC,Internships
Software Development Engineer II,Internships
3M Talent Academy Intership Program: Sourcing / Master Data Management / Intercompany,Internships
Data Science Intern - Analytics Vidhya,Internships
Recruiting Interns in Pune,Internships
Junior Civil Engineer,Internships
Software Development Engineer II,Internships
Advanced Analytical Chemist,Internships
HRBP & Talent & Development Lead,Internships
Legal internship,Internships
Accountant ( Internship ),Internships
NGO Internship,Internships
Finance Internship,Internships
Development Internship,Internships
NLP Internship,Internships
Internship Opportunities,Internships
DL Internship,Internships
Finance Internship,Internships
BE BCA student Internship in Ahmedabad,Internships
College Project Internship in Ahmedabad,Internships
PHP Web Development Internship In Ahmedabad,Internships
Machine Learning Internship in Pune,Internships
IP Support Engineer - Internship Program,Internships
"digital marketing paid internship , ppc internship",Internships
"PPC Facebook ( SEO ) Internship , Live Project Internship",Internships
"SEO Internship Delhi AIDM , Live Project Internship",Internships
"python developer internship , python internship near me",Internships
online marketing internships,Internships
Sales / Marketin - Internship,Internships
Internship in Accounts Payable Department,Internships
Internship - Marketing - Graphic Designer,Internships
Internship Marketing Cardiovascular,Internships
Live Project Internship for College Students,Internships
Procurement / Account Payable - Internship program,Internships
Internship - Social Media / Digital Marketing,Internships
IBM Internship - Project Office Management,Internships
Software Developer Intern ( paid internship ),Internships
Internship : Innovation - Cloud Technology Engineer,Internships
Research Engineering Internship at Bell Labs,Internships
Telecalling Internship B2B,Internships
Data Science ML and NLP Internship,Internships
Digital Marketing Trainee / Fresher / Internship,Internships
Internship: Data Scientist / ML Engineer,Internships
2021 Actuarial Summer Internship Program,Internships
Account Manager / Sales Engineer Internship,Internships
Abbott Nutrition Consumer Sales Internship,Internships
Front-End Web Developer ( Internship ),Internships
Back-End Web Developer ( Internship ),Internships
Internship: Javacard Applet Test Engineer,Internships
Internship: Digital Design and Machine Learning,Internships
Python Student Project Internship in Ahmedabad,Internships
Development for CloudOps Team Student Internship,Internships
Internship: Secure Identity Provisioning with defensive,Internships
Internship in Client Innovation Centre IBM,Internships
Carbon Metrology and Property Improvement Internship,Internships
International Sales & Marketing ( Internship ),Internships
Front End Engineer,Internships
SAP iXp Intern - Human Resources,Internships
Forlecturer / Professor,Internships
Software Developer-Intern,Internships
Sales Intern,Internships
Management Trainee,Internships
Associate Consultant - Data Scientist,Internships
Assistant Engineering,Internships
QA Engineer | Intern Engineering,Internships
Media Planning Interns,Internships
Local Statutory Reporting Associate,Internships
Localization Engineer,Internships
Telesales Business Development Representative I,Internships
Undergraduate Electrical Engineer ( Power ),Internships
Undergraduate Geotechnical Engineer,Internships
Undergraduate Digital Engineer ( Transport ),Internships
Undergraduate Civil Engineer ( Roads & Highways ),Internships
Undergraduate Civil Engineer ( Civil & Aviation ),Internships
Undergraduate Mechanical Engineer ( Water ),Internships
Undergraduate Civil Engineer ( Water ),Internships
Undergraduate Water Resources Engineer,Internships
Undergraduate Transport Planner,Internships
Undergraduate Environmental Scientist / Engineer,Internships
Undergraduate GIS Analyst,Internships
Undergraduate GIS Analyst,Internships
Sr. Silicon Design Engineer,Internships
Management Office SAP HANA & Analytics - Data Management & Platform,Internships
CPU Performance Validation Engineer,Internships
Graduate Intern Technical,Internships
Legal Intern - Master,Internships
"AnalystII , QualityEngineer- SC",Internships
"AnalystII , ProcessEngineer- SC",Internships
SDE II,Internships
Nuage Customer Engineering Intern,Internships
Nuage Customer Engineering Intern,Internships
Nuage Customer Engineering Intern - Montevideo,Internships
Nuage Customer Engineering Intern - Montevideo,Internships
Social Media Marketing Intern,Internships
Software Development Engineer,Internships
Finance Controller Manager,Internships
Finance Controller Manager,Internships
Electrical Engineer,Internships
Junior Fixed Income Product Manager,Internships
PhD Student ( f / m / d ) : Machine Learning and Security,Internships
Sr. Principal Statistician OR Principal Statistician OR Senior Statistician,Internships
Technical Project Manager Intern - Diversity Programs,Internships
DTI Technical Program Manager Intern - Diversity Programs,Internships
Content Writer,Internships
Support Engineer,Internships
Graphic Designer,Internships
Assistant Manager - Business Commercial,Internships
Data Science ( Intern ),Internships
ASIC Design Engineer I,Internships
IT Professional Development Program,Internships
Fall 2020 Research Co-Op / Intern - 77152,Internships
Fall 2020 AI / ML Research Co-Op / Intern - 77150,Internships
Fall 2020 Research Co-Op / Intern - 77145,Internships
Sales Development Representative,Internships
Sales Development Representative,Internships
Sales Development Representative,Internships
Sales Development Representative,Internships
Sales Development Representativ,Internships
Sales Development Representative,Internships
Sales Development Representative,Internships
Sales Development Representative,Internships
Sales Development Representative,Internships
Sales Development Representative,Internships
SerDes Application Design Intern,Internships
Engineering Intern - Design-to-Value,Internships
Graphic Designer ( Intern ),Internships
Intern Partner Operations & Customer Experience,Internships
Intern Web Development,Internships
"Sr. Scientist , Cell and Gene Therapies R & D",Internships
Visual Content Developer,Internships
Lean Engineer,Internships
Advanced Analytical Chemist,Internships
HRBP & Talent & Development Lead,Internships
Operational Engineer II,Internships
OM Technician - 2020,Internships
Veterinarian Intern,Internships
HR....,Internships
Freelancer Content Writer,Internships
GDA Facilitator / Nursing Trainer,Internships
Intern / Working Student,Internships
SAP iXp Intern - Cloud Product Support - C4C Cloud,Internships
"Associate , Talent Acquisition",Internships
Technical Intern,Internships
Area Sales Officer / Sales Executive,Internships
Vocational Training Program Master Intern,Internships
Data Scientist,Internships
Intern ( f / m / d ) : Development Operations and Database Administration in the SAP Cloud,Internships
SDE-2.,Internships
"Software Developer PHD Co-op ( Austin , TX ) Fall 2020",Internships
Mobile / Web Application Developer - Intern,Internships
Accounts Executive,Internships
Business Development Officer,Internships
Admin Executive,Internships
SSGA Summer Intern -Investments,Internships
Human Resources Superstar,Internships
"java developers , web developers , web design , experience , freshers",Internships
Legal internship,Internships
Accountant ( Internship ),Internships
NGO Internship,Internships
Finance Internship,Internships
Development Internship,Internships
NLP Internship,Internships
Internship Opportunities,Internships
DL Internship,Internships
Finance Internship,Internships
BE BCA student Internship in Ahmedabad,Internships
College Project Internship in Ahmedabad,Internships
PHP Web Development Internship In Ahmedabad,Internships
Machine Learning Internship in Pune,Internships
IP Support Engineer - Internship Program,Internships
"digital marketing paid internship , ppc internship",Internships
"PPC Facebook ( SEO ) Internship , Live Project Internship",Internships
"SEO Internship Delhi AIDM , Live Project Internship",Internships
"python developer internship , python internship near me",Internships
online marketing internships,Internships
Sales / Marketin - Internship,Internships
Internship in Accounts Payable Department,Internships
Internship - Marketing - Graphic Designer,Internships
Internship Marketing Cardiovascular,Internships
SAS Training & Internship Program,Internships
Front-End Web Developer ( Internship ),Internships
Back-End Web Developer ( Internship ),Internships
Internship / Apprenticeship Program - Business Development,Internships
Intern / Trainee / Internship in a Leading Software,Internships
Internship - Marketing - Primary Market Research,Internships
Digital Marketing / Social Media Internship,Internships
Business Development Executive ( Summer Internship ),Internships
Internship - Technical Content Development Intern,Internships
Client Success Business Consulting - Internship,Internships
Developer internship for SAP Analytics Cloud,Internships
Internship - Nonvolatile Memory IC Design,Internships
Internship - Nonvolatile Memory IC Design,Internships
Developer Internship in SAP Identity Management,Internships
C / C Compiler-Development Internship,Internships
Search Engine Optimization ( SEO ) Internship,Internships
Data Analyst / Data Scientist | Internship,Internships
Search Engine Optimization ( SEO ) Internship,Internships
Part-time Business Development Internship,Internships
Research Engineering Internship at Bell Labs,Internships
Hardware Engineering Internship ( Summer 2021 ),Internships
Software Engineering Internship ( Summer 2021 ),Internships
Systems Engineering Internship ( Summer 2021 ),Internships
Undergraduate GIS Analyst,Internships
Undergraduate Surveyor,Internships
Undergraduate Sustainability Consultant,Internships
Undergraduate Mechanical Engineer ( Power ),Internships
Project Support Intern - Research & Analytics,Internships
CH India Intern,Internships
Intern-VLSI,Internships
Product Development Intern - Cloud,Internships
SAP Partner Transformation,Internships
Front-End Engineer,Internships
New Graduate Consulting Position,Internships
Engineer I-Process,Internships
UR - Corporate Engineering - Energy Project Engineer,Internships
Jr. RPA Developer,Internships
Principal Diversity Recruiter,Internships
Marketing Operations Specialist,Internships
Oracle NetSuite Graduate Program,Internships
Surgical Tech Per Diem,Internships
Test Engineer Trainee - SRAN,Internships
Data Scientist Intern - Advanced Analytics,Internships
Software Developer Academy,Internships
Software Development Engineer,Internships
Support Engineer,Internships
Graphic Designer,Internships
Sales & Marketing Intership,Internships
Patent Classification Specialist ( Biotech ),Internships
Software Development Engingeer,Internships
Presales Consultant ( Graduate ),Internships
Web Developer Intern,Internships
Construction Management Intern,Internships
US MBA Leadership Program - Summer Intern,Internships
Software Engineer in Test - II,Internships
Software Development Engineer,Internships
Test Engineer ( Multiple Levels ),Internships
Teach SAW Associate,Internships
Content Writing / Management Trainee,Internships
SAP iXp Intern - Global Channel Business Development Assistant,Internships
Associate Sales Specialist,Internships
Communications Intern,Internships
Industrial Training in Web Designing,Internships
Marketing,Internships
Mobile App Developer,Internships
Associate Application Developer Adelia - IBM CIC,Internships
Digital Marketing Freshers,Internships
"Sales , Marketing , and Communications Associate",Internships
Customer Service Care Coordinator,Internships
Accounting / Finance,Internships
Software Dev Engineer II,Internships
Lean Engineer,Internships
Global Future Leaders: Investment Manager LCIG ( Beijing ),Internships
Global Future Leaders: Financial Analyst,Internships
Sales Development Representative,Internships
SAP Cloud Programming Model ( CAP ) - Java Developer,Internships
CVC Finance Executive,Internships
Software Development ),Internships
Digital Marketing,Internships
Data Engineer,Internships
FRSS DSD - Maintenance Analyst II,Internships
"Intern , Graphic Design",Internships
Software Development Engineer Intern,Internships
Software Development Engineer Intern,Internships
Financial Services,Internships
Software Development Engineer,Internships
Civil Architect,Internships
Civil Site Engineer,Internships
Android Intern,Internships
Assistant Professor,Internships
System Engineer - Talent Pool,Internships
"Director Pricing , SOLIDWORKS",Internships
Product Design ( UI / UX ) Intern,Internships
Data Scientist ( Machine Learning ),Internships
Software Development Engineer II,Internships
SAP iXp Intern - UX Designer,Internships
2020 Legal 1L Summer Associate Program - Houston,Internships
Placements Manager,Internships
BI Tester - Intern ( Freshers 2020 ) - Visual BI Solutions Inc,Internships
Client Analyst Intern,Internships
Apprenticeship: DevOps Developer F / M,Internships
Hardware Engineering,Internships
Software Engineer Development,Internships
Software Development Engineer,Internships
Business Development,Internships
Research Analyst ( Trainee ),Internships
Intern - Software Development,Internships
Quality Engineer,Internships
User interface and application software developer trainee,Internships
Software Dev Engineer,Internships
Field Sales Engineer,Internships
MCU Software Test Engineer ( Intern ),Internships
Angular Developer,Internships
Data Scientist,Internships
DEPUTY HR RECRUITER,Internships
JUNIOR HR RECRUITER,Internships
HR RECRUITER EXECUTIVE,Internships
Creative Internship,Internships
Legal internship,Internships
Accountant ( Internship ),Internships
NGO Internship,Internships
Finance Internship,Internships
Development Internship,Internships
NLP Internship,Internships
Internship Opportunities,Internships
DL Internship,Internships
Finance Internship,Internships
BE BCA student Internship in Ahmedabad,Internships
College Project Internship in Ahmedabad,Internships
PHP Web Development Internship In Ahmedabad,Internships
Machine Learning Internship in Pune,Internships
IP Support Engineer - Internship Program,Internships
"digital marketing paid internship , ppc internship",Internships
"PPC Facebook ( SEO ) Internship , Live Project Internship",Internships
"SEO Internship Delhi AIDM , Live Project Internship",Internships
"python developer internship , python internship near me",Internships
online marketing internships,Internships
Sales / Marketin - Internship,Internships
Internship in Accounts Payable Department,Internships
Internship - Marketing - Graphic Designer,Internships
Schneider Electric Internship- Marketing,Internships
Internship Marketing Cardiovascular,Internships
Android Application Development Internship in Pune,Internships
Dot Net developer Internship in Pune,Internships
Required candidates for internship- Digital marketing,Internships
IT and Engineering student Internship in Ahmedabad,Internships
IT. and Engineering Student Internship in Pune,Internships
Python Data Science Internship in Ahmedabad,Internships
College Student Summer Internship in AAhmedabad,Internships
Python with Machine Leraning Internship in Pune,Internships
Data Science Python Internship in Ahmedabad,Internships
Required candidates for internship- Digital marketing,Internships
Machine Leraning Data Science Internship,Internships
social media and digital marketing internship,Internships
"B.tech Internship with Live Project , , BCA & MCA Internship",Internships
BEST PYTHON INTERNSHIP INSTITUTE IN DELHI,Internships
Web Designing Live Project Internship,Internships
Great Internship Opportunity for Students ( non-paid ),Internships
Work experience Internship: Global / Digital marketing,Internships
Marketing & Business Development Internship Nutrition,Internships
IBM Internship - L2 Technical Support Mainframe,Internships
Media & Substrates Industrial Engineering - Internship,Internships
"Global Affairs Strategic Business Development Internship ,",Internships
INTERNSHIP - IP Network Routing Virtualization & Scripting,Internships
Internship - Bell Labs Data Analytics - Future Talents,Internships
Internship - Early Stage Researcher - Marie Curie,Internships
Software Development Engineer,Internships
Business Development Intern,Internships
Junior Statistical Programmer ( Intern ),Internships
SAP iXp Intern - Solution Manager - Support Associate,Internships
Supply Chain intern,Internships
Stage - Analyst Relations and Partnerships Manager,Internships
Marketing Executive,Internships
Android Trainee,Internships
Software Development Intern,Internships
Seasonal Trainee ( student ) / intern,Internships
S / 4HANA GTM Team,Internships
SAP Graph Product Development,Internships
"Quality Engineer ( 4 ) - Mount Crawford , VA",Internships
Full Stack Developer,Internships
Full Stack Developer,Internships
Scientist / Research Scientist - Microbiology,Internships
Software Development Engineer,Internships
Software Development Engineer,Internships
Undergraduate Civil Engineer ( Roads ),Internships
Undergraduate Civil Engineer ( Rail ),Internships
Undergraduate Structural Engineer ( Bridges ),Internships
Undergraduate Mechanical Engineer ( Buildings ),Internships
Graphic Designer,Internships
Intern Engineer,Internships
Software Development Engineer II,Internships
Principal Inclusion & Strategy Recruiter,Internships
Software Development Engineer,Internships
Management Support ( Senior ) Specialist SAP Cloud Platform,Internships
CAD Engineering Intern - Fall Semester,Internships
Data Centre Tech ( IC1 ),Internships
Sales Specialist Solution ( Graduate ),Internships
Business Consulting ( Graduate ),Internships
Graphic Designer ( Intern ),Internships
Graphic Designer & Web Designer,Internships
PHP Developer Junio,Internships
Graphic Design,Internships
CPU Performance Validation Engineer,Internships
Working Student / Intern ( f / m / d ) : GreenToken - Software Development,Internships
Global Future Leaders: Digital Transformation Specialist,Internships
Software Development Engineer II,Internships
"Software Development Engineer , AWS ElastiCache",Internships
Operational Engineer II,Internships
Marketing Intern,Internships
Data Center Operations Technician Intern - Diversity Programs,Internships
Data Center Operations Technician Intern - Diversity Programs,Internships
"Health , Safety and Environment Intern ( 2020 Summer )",Internships
Software Development Engineer,Internships
SDE - II,Internships
Front End Engineer,Internships
General Practitioner I Healthcare,Internships
Software Development Engineer,Internships
Software Development Engineer,Internships
Software Development Engineer,Internships
"Global Future Leaders: Agile Program Manager , Intelligent Device Group",Internships
Global Future Leaders: AR / VR Product Manager,Internships
"Global Future Leaders: Researcher , Future PC User Interaction Technology",Internships
US IT Recruiter,Internships
Bell Labs Cybersecurity Trainee,Internships
"RF Design Engineer , R & D",Internships
"Power Amplifier Design Engineer , R & D",Internships
Sr. Executive / Assistant manager Placement ( STeP ) programme,Internships
R & D Associate I / II,Internships
Senior Interior Designer,Internships
Marketing Intern-Seven Group,Internships
Digital Marketing Intern,Internships
Business Consultant / Information Technology ( IT ) Specialist Entry L,Internships
Associate Consultant - Cloud Microservices,Internships
Associate Consultant,Internships
Web Development,Internships
Marketing Executive,Internships
Stage Category Management,Internships
SENIOR HR RECRUITER,Internships
"TELEMEDICINE , TELECONSULTANT , DOCTOR FOR VIRTUAL CONSULTANTION",Internships
Digital Marketing Interns,Internships
Software Testing,Internships
Intern- Corporate Sales,Internships
Digital Marketing,Internships
Java Engineer,Internships
Staff Software Engineer - Backend,Internships
Software Development Engineer II,Internships
SDE - Data,Internships
"Software Developer - X-Ray Engineering ,",Internships
Physical design Engineer,Internships
Software Dev Engineer II,Internships
Fall 2020 Cores Performance Modeling Co-Op Engineer / Intern,Internships
i.mx Systems Hardware Intern,Internships
Associate Systems Engineer,Internships
Software Dev Engineer,Internships
"Director of Product Management , Marketing , Search & Personalization Platforms",Internships
Associate DevOps Engineer ( f / m / d ),Internships
Intern ( f / m / d ) : Project Support for the T & I Strategy,Internships
Physical design Engineer,Internships
Physical design Engineer,Internships
Application Specialist,Internships
"Software Development Engineer , Amazon Machine Learning , AWS SageMaker",Internships
Legal internship,Internships
Accountant ( Internship ),Internships
NGO Internship,Internships
Finance Internship,Internships
Development Internship,Internships
NLP Internship,Internships
Internship Opportunities,Internships
DL Internship,Internships
Finance Internship,Internships
BE BCA student Internship in Ahmedabad,Internships
College Project Internship in Ahmedabad,Internships
PHP Web Development Internship In Ahmedabad,Internships
Machine Learning Internship in Pune,Internships
IP Support Engineer - Internship Program,Internships
"digital marketing paid internship , ppc internship",Internships
"PPC Facebook ( SEO ) Internship , Live Project Internship",Internships
"SEO Internship Delhi AIDM , Live Project Internship",Internships
"python developer internship , python internship near me",Internships
online marketing internships,Internships
Sales / Marketin - Internship,Internships
Internship in Accounts Payable Department,Internships
Internship - Marketing - Graphic Designer,Internships
DEPUTY STUDENT COUNSELLOR : Education,Internships
EI-SheRises-2.0,Internships
"Career Opportunities: Intern Finance , Accounting & Tax",Internships
Content Writing & SEO,Internships
Management Intern,Internships
SP Program Manager - APAC,Internships
Site Reliability Engineer [SCP] at Ruum by SAP,Internships
.net Software Engineer,Internships
Physical Design Engineer Bangal,Internships
Hr Interns,Internships
DEAN With a Leading University,Internships
Equity Research Analyst ( Korean ),Internships
Working Student,Internships
Business Development executive,Internships
Software Engineer II,Internships
Director ( Statutory ),Internships
Software Development,Internships
Business Development Interns,Internships
Relationship Manager,Internships
Data Sciences Intern,Internships
Data Sciences Intern V,Internships
Data Science,Internships
Software Development Engineer,Internships
Business Development Internship,Internships
Information Technology Internship,Internships
Financial Advisor Internship,Internships
Product and Brand Internship,Internships
Artificial Intelligence Internship,Internships
Machine Learning Internship,Internships
Graphic Design Internship,Internships
Financial MBA Internship,Internships
GIPE Pune Internship,Internships
ITM Kharghar Internship,Internships
IBS Hyderabad Internship,Internships
Ethical Hacking Internships,Internships
Internship: Thermal Analysis,Internships
Telecommunication Engineering Internship Program,Internships
Internship programe Software Engineering,Internships
Sales Business Analyst - Internship,Internships
Internship - PHP Development,Internships
Digital Marketing Internship For Freshers,Internships
Internship Digital Transformation,Internships
Media Equipment Engineering - Internship,Internships
Asp.net Internship in Pune,Internships
Stage - Accounting Internship,Internships
All US Internship Opportunities general,Internships
Internship for Accounts Executive,Internships
Graphic Design Internship,Internships
Creative Graphic Design Intern,Internships
CVC Finance Executive,Internships
Ionic Developer,Internships
Program Coordinator,Internships
React Native Developer,Internships
Golden Opportunity For College Student_HR Internship_Seven Group_Navi Mumbai-Supriya-7208017778,Internships
HR Intern,Internships
SAP iXp Intern - Commercial Sales,Internships
SAP iXp Intern - Developer for Innovative Business Solutions,Internships
Media Manager,Internships
Sales Admin,Internships
Web Development ( Intern ),Internships
SAP iXp Intern - Product Support Performance,Internships
Opening For College Student_Digital Marketing_Seven Group_Navi Mumbai_Supriya-7208017778,Internships
Summer Trainee,Internships
Civil Site Junior Engineer,Internships
Civil Engineer,Internships
Junior In Civil Engineer,Internships
Civil Engineer,Internships
SAP iXp Intern - Agile Developer,Internships
HR Interns,Internships
Entry Level Accountant,Internships
Cloud Infrastructure Engineer - NY,Internships
Content Writer ( Intern ),Internships
Marketing Executive,Internships
Student or Fresh Graduate,Internships
Cloud Platform Engineering Research,Internships
Intern Electronics Quality Assurance | Asteria Aerospace,Internships
Internal Communications Specialist,Internships
Business Development Representative,Internships
SEO Trainee,Internships
Marketing Intern,Internships
Java / DOT NET / Python,Internships
Market Research - Freshers,Internships
Graduate Intern Technical,Internships
"Career Counselor , Mumbai",Internships
.net MVC Development ( Angular 7 ),Internships
NYC: Video & Design Production Intern,Internships
Trainee HR Recruiter,Internships
GraalVM Student Intern,Internships
Working Student / Intern Business Development Support in LoB Digital Supply Chain,Internships
Working Student / Intern Business Development & Activities,Internships
"Intern - Experimental Mechanic - Mossville , IL",Internships
Leadership Excellence and Development Program ( LEAD-Engineering ),Internships
Business Intelligence Engineer,Internships
User Assistance Developer Intern,Internships
Intern - Engineering,Internships
Operations Head,Internships
Software / Mobile Trainee - LAMP / Android / iOS,Internships
Fresher Software Tester,Internships
Physical Design Intern - Winter 2021,Internships
Talent Programs Lead,Internships
Corporate Counsel,Internships
Editorial Assistant UK / Europe / Editorial,Internships
Software Engineer-C / C,Internships
Data Analyst,Internships
Compute Performance Developer Technology Intern - CUDA,Internships
WEB DEVELOPER,Internships
Intern - Digital Media Marketing,Internships
Placement executive,Internships
Network Support Intern,Internships
IT Support Business Analyst Intern - Diversity Programs,Internships
IT Internal Support Intern - Diversity Programs,Internships
Social Media Intern,Internships
"SAP HANA Database Group: Intern , Working Student or Thesis-Student ( f / m / d )",Internships
Technical Analyst,Internships
Front End Engineer,Internships
Junior Application Manager,Internships
Deal Specialist Intern - Diversity Programs,Internships
ASIC Design Engineer I,Internships
Registration process for Ministry of health Saudi Arabia,Internships
Fresher Android Developer,Internships
Python Developer,Internships
Bakery Product Specialist,Internships
Build and Demo Interns,Internships
Data Entry,Internships
Software Sales Intern - Brickell,Internships
Fresher / Jr. Developer-PHP,Internships
Hardware Engineering,Internships
Finance Executive,Internships
content writer,Internships
Student Program - GSB,Internships
Junior Civil Engineer,Internships
"Software Engineer , Traffic Quality",Internships
Rotational Associates Program - BPD,Internships
Integrated Circuit Yield Enhancement Engineering Intern,Internships
Software Development Engineer II,Internships
Software Development Engineer II,Internships
HR / IR Manager,Internships
Costing Engineer,Internships
Global Supply Chain Advanced Development Program - Engineering Track,Internships
CREATIVE DESIGNER,Internships
HR Intern,Internships
Auto Cad ( Civil Engineering ) Interns,Internships
Software Development Engineer II,Internships
Digital Marketing Executive,Internships
DevOps Engineer II,Internships
SEO Interns,Internships
STUDENT COUNSELLOR EXECUTIVE,Internships
Engineer,Internships
Engineer,Internships
ACOE Lead Analyst,Internships
Professor,Internships
Professor,Internships
Associate Professor,Internships
PGT-Physics,Internships
Principal,Internships
PGT-Physics,Internships
digital marketing summer Job With Live Project,Internships
"""Requirement for Business Development Intern""",Internships
Hiring For Marketing Sales Telecallers Profile-apply Now,Internships
CV'S Selection for Dr. Fakhry & Al-Rajhi Hospital Dammam,Internships
"Senior Specialist , Specialist , Consultant",Internships
Relationship Manager / Direct Channel,Internships
Professor,Internships
Urgent opening for Dr. Suleiman Al Habib Medical Group,Internships
Govt Jobs of Doctors in MOH - Saudi -Habsons,Internships
"PGT-Biology , Geography",Internships
Internship: Product adoption specialist for Intelligent RPA F / M,Internships
Nokia Bell Labs Internship - 5G RAN Protocols,Internships
BP INCORPORATE INTERNATIONAL Internship PROJECT work from Home,Internships
"seo intern jobs , Live Project internship in seo , corporate seo",Internships
BP INCORPORATE INTERNATIONAL Internship PROJECT work from Home,Internships
"B.tech , BCA , MCA , 3-6month Internship With Live Project.",Internships
Internship Opportunity For Fresh graduates / PG from US Univ.,Internships
Lockdown Is An Opportunity to Drive The Value From Learning,Internships
Brand Advocate,Internships
Launchpad for Fresher's-Branding / Promotion,Internships
Public Relationship Officer,Internships
Infrastructure & Operations - Enterprise Server Platform -Internship Year Round Competencies Experience,Internships
Jobs For College Student For Internship-Marketing ( Bike mandatory ) -Seven Group_Navi Mumbai-Supriya-7208017778,Internships
Content Writer ( Internship - Eng ( H ) / Mass Comm. - Paschim Vihar ) - Internet / Ecommerce,Internships
Marketing Communications Internship Program: 1 Copy Writer & 1 Graphic Designer,Internships
Management Trainee-sales and Marketing,Internships
"""Sales training""",Internships
Placement Manager Feedback,Internships
Software Development,Internships
Trainee - Associate Financial Analyst,Internships
Business Development Intern,Internships
Senior Executive-Product & Revenue Strategy,Internships
Quality Project Manager Fall Co-Op,Internships
Software Development Manager,Internships
Software Development Engineer,Internships
Civil Engineer,Internships
Business Development Associate,Internships
"VP , Global Head of Talent Acquisition",Internships
Working Student / Test Automation - Tool Development,Internships
Working Student,Internships
MN L1 A & S / tools Working Student,Internships
Software Development Engineer Intern,Internships
Data Scientist Intern,Internships
"Global Markets - Research , Intern ( 6 Months )",Internships
HR RECRUITER,Internships
Software Development Engineer II,Internships
Software Development Engineer II,Internships
RF IC Design Engineer,Internships
Java Intern,Internships
"VP , Global Head of Talent Acquisition- Direct Hire / Colleague",Internships
Intern - Industrial Engineer I,Internships
Intern - Production Supervisor,Internships
Sensing and Localization - Fall Co-op,Internships
BL Sensing & Localization Fall Co-op,Internships
SAP Intern - Mobile,Internships
Microbiologist,Internships
Digital Campaign Manager,Internships
Working Student ( f / m / d ) for ABAP Cloud Integration,Internships
Member of Technical Staff - University Propel,Internships
"Global Future Leaders: Product Manger , Intelligent Device Group ( SMB )",Internships
Territory Manager -,Internships
Operations Engineer,Internships
Marketing Technology Manager,Internships
"Principal Product Manager , International",Internships
Software Engineer II,Internships
Project Manager,Internships
Flutter App Development,Internships
REQ. DIGITAL MARKETING with GRAPHIC DESIGNING in PUNE.,Internships
PR and Advertising Intern,Internships
Ionic Developer,Internships
Intern / Working Student ( f / m / d ) : SAP Innovation Center Network,Internships
Buyer / Planner 1,Internships
Data Analytics Solutions Developer,Internships
Online Marketing Specialist,Internships
Working Student ( f / m / d ) in the HR Business partner lead team for the board area Human Resources,Internships
Placement Officer,Internships
Co-op - Accounting and Finance,Internships
Junior Software Tester,Internships
Magento Developer ( backend Coding ),Internships
Finance Intern,Internships
Finance Intern,Internships
Co-op - Product Planning ( Fall 2020 ),Internships
"Performance Analyst , Associate 2 - Edinburgh",Internships
Facilities Coordinator,Internships
"Junior developers or Project Trainees in Rajkot , Gujarat",Internships
Talent Acquisition Intern,Internships
Electrical Engineer,Internships
Social Media Executive,Internships
Accounting_Interns,Internships
Content Writer,Internships
SDE 2..,Internships
Graphic Designer- Intern,Internships
Position title CDA - Client Design Analyst,Internships
"Business Development Manager , Employment Engagement",Internships
Salesforce.com Intern,Internships
Digital Marketing Associate,Internships
Software Engineer- Intern,Internships
Front End Engineer ( Level 5 ),Internships
2021 Finance Intern,Internships
"RECTRAS | Management Intern MBA , MSW -HR",Internships
Technical Sales Intern,Internships
Display IP Validation Engineer,Internships
"Intern - Research in Finance , Economics & Public Sector topics",Internships
MN L1 A & S / tools,Internships
Working Student / Test Automation - Tool Development,Internships
Working Student,Internships
Sensing and Localization - Fall Co-op,Internships
BL Sensing & Localization Fall Co-op,Internships
"PGT-Physics , Accountancy",Internships
PGTs-Psychology,Internships
Intern iPhone App Development,Internships
Test Engineer Trainee - RF Sharing,Internships
Test Engineer Trainee - RF Sharing,Internships
HR Sourcer,Internships
Engineer 1,Internships
Assoc Director,Internships
Copy Writer,Internships
Dot Com Sr Analyst,Internships
HR Recruiter,Internships
Urgent opening for Dr Suleiman Al Habib medical group,Internships
HR Officer,Internships
Project Engineer - Logistics,Internships
Tax Analyst,Internships
Opening For Respiratory Technician Saudi Arabia,Internships
Finance Intern ( Remote ),Internships
Staff Accountant,Internships
"Manager , EY GDS Assurance",Internships
