Certified Lean Practitioner Course,E-learning
ISO 9001:2015 QMS Implementation Course,E-learning
Great Learning Academy,E-learning
Game development using PyGame,E-learning
Robot for Every Student,E-learning
Learn Python in Hindi,E-learning
EGonLine,E-learning
Music Production 101,E-learning
File Encryption Basics and Practices with CrococryptFile,E-learning
CISSP Master Class: Become a CISSP Today,E-learning
"Cisco Security: The A, B, C's of IPv6",E-learning
Increase 20 percent Direct/Indirect Revenue within 100 Days,E-learning
Scrum Ceremonies,E-learning
AWS Solution Architect-Associate Lab Demos in Hindi,E-learning
Zbrush Course in Zbrush Vol. 1: Learn Basic Zbrush 3D software,E-learning
The iOS Development MasterClass: Learn the skills to Master Swift and Xcode,E-learning
Isha Kriya: A Powerful Meditation for Self Transformation,E-learning
YouTube SEO and Optimization with Tubebuddy,E-learning
Managing Anger and Frustration in the Workplace,E-learning
Cartoon Drawing: For The Absolute Beginner!,E-learning
Be Alcohol Free,E-learning
HTML: The First Step for Absolute Beginners,E-learning
Learn Angular 7 Boilerplate in Hindi (get a CRUD project),E-learning
Automate Your G Suite Administration with Google Sheets,E-learning
Complete Italian course (Level 1),E-learning
OWASP ZAP From Scratch,E-learning
Learn Project Management Techniques for Work and Home,E-learning
How to Win Customers and Skyrocket your Sales and Profits,E-learning
iOS App Entrepreneurship: Build a Tech Start-Up,E-learning
Road Map to Artificial Intelligence and Machine Learning,E-learning
Core Java Interview Bootcamp To Handle Interviews With Confidence,E-learning
Wordpress Beginner Tutorial: Build Your First Website,E-learning
PyQt5 - Create an AMAZING Calculator!!,E-learning
MTC E- learning management system,E-learning
Edulib,E-learning
Python for Machine Learning,Information Technology
Cloud Foundations,Information Technology
Neural Networks and Deep Learning,Information Technology
How to Ace Coding Interviews?,Information Technology
Mastering Big Data Analytics,Information Technology
Programming Work Bench,Information Technology
ProTeen,Information Technology
Diploma in Machine Learning with R studio,Information Technology
Machine Learning using Python,Information Technology
Data Analytics using R,Information Technology
IAAA: Certified Software Testing Professional - Functional Testing,Information Technology
IAAA: Certified Agile Scrum Associate,Information Technology
LEAP: Learning Excellence And Progression,Information Technology
Big Data 101,Information Technology
R Programming,Information Technology
Java Programming,Information Technology
Data Science for Beginners/ Python for Data Science,Information Technology
Digital Marketing,Information Technology
MATLAB Onramp,Information Technology
Machine Learning Onramp,Information Technology
Deep Learning Onramp,Information Technology
AI/ML Internship,Information Technology
Ekeeda,Information Technology
EnggOnline,Information Technology
Integrated Educational and Learning Program,Information Technology
GUVI,Information Technology
Certified Full Stack Engineer,Information Technology
Fundamentals Of CFD,Mechanical Engineering
Fundamentals of Hybrid Electric Vehicle,Mechanical Engineering
Fundamentals of Automotive Plastic Designs,Mechanical Engineering
Fundamentals of Computer Aided Engineering,Mechanical Engineering
Basic Structural Elements and Load Calculations for Buildings,Mechanical Engineering
BIM (Building Information Modelling) In Construction Industry,Mechanical Engineering
Introduction to Digital Marketing,Management
Business Finance Foundations,Management
Marketing Foundations,Management
Excel for Beginners,Management
Financial Risk Analytics,Management
Performance Management & Competency Mapping,Management
Financial Management,Management
Online Internship in Financial Analysis Basics,Management
Online Internship in Investment Analysis Skills,Management
TickTalkTo,Healthcare
Study Skills Package,Communication & Skills
Free App-based Courses for Communication Skills and Interview Preparation,Communication & Skills
Virtual Robotics Toolkit(VRT),Robotics
CAD using Autodesk Inventor,CAD
MSC Apex,CAD
MSC Adams,CAD
MSC Nastran,CAD
MSC Marc,CAD
Xcelerator,Miscellaneous
Statistics 101,Miscellaneous
Quanser's EXPERIENCE CONTROLS APP,Miscellaneous
Structural and Foundation Analysis,Miscellaneous
Non-Scholastic Aptitude Test,Miscellaneous
PracCamp,Miscellaneous
GATE Exam Preparation,Miscellaneous
Introduction to Banking,Miscellaneous
Introduction to UPSC (NCERT Product),Miscellaneous
NI Online Training Resources,Miscellaneous
NI Badge Program,Miscellaneous
On-line Engineering Teaching Resources,Miscellaneous
Ultra-concurrent Remote laboratory,Miscellaneous
Emona Remote Lab Experiments in Electronics and Telecommunications,Miscellaneous
