Alexa Skill Challenge: Alexa Conversations,Hackathons
Amazon,Hackathons
AppSprint'20,Hackathons
"PES University (PESU), Bengaluru",Hackathons
Tech Takes on Unemployment Hackathon,Hackathons
Terminal,Hackathons
Hac(ode)kathon,Hackathons
"Indian Institute of Technology (IIT), Roorkee",Hackathons
Kryon Bot Camp,Hackathons
Kryon Systems,Hackathons
Call for Code,Hackathons
IBM,Hackathons
Nav Ujjwal E-Innovation Hackathon,Hackathons
"Model Club, B.I.T Sindri, Dhanbad",Hackathons
Plastic Measures,Hackathons
"Vellore Institute of Technology (VIT), Vellore",Hackathons
Auth0 Hackathon,Hackathons
Auth0,Hackathons
Hac’KP,Hackathons
Kerala Police Cyberdome,Hackathons
Delhi Hacks,Hackathons
Script Foundation,Hackathons
Hack The World 2020,Hackathons
synHACK,Hackathons
Community Health Hackathon,Hackathons
Jersey City Rapid Maker Response Group,Hackathons
Technology Landscape Study On Devices For Women Urination Assistance,Hackathons
Bots 'N Brains,Hackathons
BridgeHacks,Hackathons
Milpitas High School,Hackathons
"New Hack, Who This?",Hackathons
Major League Hacking,Hackathons
TigerGraph 2020 Graphathon,Hackathons
TigerGraph,Hackathons
Digital India AatmaNirbhar Bharat Innovate Challenge,Hackathons
"Ministry of Electronics & Information Technology, Government of India",Hackathons
Hack It Ship It,Hackathons
Major League Hacking,Hackathons
Code Camp 1.0 - A Virtual Hackathon,Hackathons
Indian Society for Technical Education,Hackathons
To The Moon And Hack,Hackathons
Major League Hacking,Hackathons
HackATL 2020,Hackathons
HackATL,Hackathons
Bitcoin SV Hackathon,Hackathons
Bitcoin Association,Hackathons
World Hacks,Hackathons
World Hackers,Hackathons
Break The Code,Hackathons
PiParadox,Hackathons
Global Hack 5G + RPA Technology,Hackathons
TOP Minds,Hackathons
Ingeniousm - A National Level Hackathon,Hackathons
"SNS College of Technology (SNSCT), Coimbatore",Hackathons
HarmonyHacks 2.0,Hackathons
Harmony Hacks,Hackathons
HackTheLib,Hackathons
HackTheLib,Hackathons
MinorityProgrammers: Black Lives Matter Hackathon,Hackathons
Minority Programmers,Hackathons
MacroHacks,Hackathons
MacroTech Solutions Inc.,Hackathons
Compete With Code,Hackathons
"Rajkiya Engineering College (REC), Bijnor, Uttar Pradesh",Hackathons
Data Day Grind 2020,Hackathons
Major League Hacking,Hackathons
The Babylon Project,Hackathons
World Blockchain Hackathon,Hackathons
Amazon Raise-up Buildathon,Hackathons
Amazon Web Services (AWS),Hackathons
Mathematical Models to Calculate Resonant Frequency of Cell or Virus or Bacteria,Hackathons
Bots 'N Brains,Hackathons
CDP Climate Hackathon,Hackathons
CDP Worldwide,Hackathons
Mission: Open Architect,Hackathons
Sencha,Hackathons
Codeathon,Hackathons
PiParadox,Hackathons
SigmaHacks 2.0,Hackathons
tensorflow,Hackathons
AtlasHacks,Hackathons
AtlasHacks,Hackathons
Facebook Messaging Hackathon - Facebook Online Hackathon Series 2020,Hackathons
Facebook,Hackathons
Shell Makeathon,Hackathons
Startup Shell,Hackathons
Facebook Artificial Intelligence Hackathon - Facebook Online Hackathon Series 2020,Hackathons
Facebook,Hackathons
Scientific Research Landscape on Ivermectin as Prophylaxis for COVID-19,Hackathons
PatBnB,Hackathons
Flipkart GRiD 2.0 - Software Development Challenge - Flipkart GRiD 2.0,Hackathons
Flipkart,Hackathons
Flipkart GRiD 2.0 - Robotics Challenge - Flipkart GRiD 2.0,Hackathons
Flipkart,Hackathons
Epsilon Hacks,Hackathons
Epsilon Hacks,Hackathons
ACT2HACK COVID,Hackathons
American Association for Precision Medicine (AAPM),Hackathons
Manipal Hackathon 2020 - TechTatva 2020,Hackathons
"Manipal Institute of Technology (MIT), Manipal",Hackathons
HCL #BetterHealth Hackathon: #CodeForCovid19,Hackathons
HCL Technologies Limited (HCL),Hackathons
Hack.Asia,Hackathons
Jardine Matheson Holdings Limited,Hackathons
Planet Wide SOS Hackathon,Hackathons
CryptoChicks,Hackathons
Ideathon 2K20,Hackathons
"Government College of Engineering (GCE), Nagpur",Hackathons
Geom Hacks,Hackathons
GeomHacks,Hackathons
GFEF Virtual Hackathon - GFEF 2020,Hackathons
"Global Centre for Entrepreneurship and Commerce (GCEC), Jaipur, Rajasthan",Hackathons
Same Home Different Hacks,Hackathons
Major League Hacking,Hackathons
Facebook Augmented Reality Hackathon - Facebook Online Hackathon Series 2020,Hackathons
Facebook,Hackathons
Theta Network Hackathon,Hackathons
"Theta Labs, Inc.",Hackathons
Decypher,Hackathons
"PES University (PESU), Bengaluru",Hackathons
Code A Bit-Lit - Chandigarh Sub Section Congress,Hackathons
Institute of Electrical and Electronics Engineers (IEEE),Hackathons
COVIDathon,Hackathons
DAIA - The Decentralized Artificial Intelligence Alliance 2020,Hackathons
Sahayak Virtual Hackathon,Hackathons
"University of Petroleum & Energy Studies (UPES), Dehradun",Hackathons
Automation Anywhere COVID-19 Botathon,Hackathons
Automation Anywhere,Hackathons
ThoughtWorks - The Social Hackathon,Hackathons
ThoughtWorks Technologies,Hackathons
MaitCsi Ideathon,Hackathons
"Maharaja Agrasen Institute of Technology (MAIT), New Delhi",Hackathons
#AnyoneCanCode,Hackathons
HCL Technologies Limited (HCL),Hackathons
COVID19 IDEAthon,Hackathons
"Institute of Engineering and Technology (IET), Lucknow",Hackathons
National Level Post COVID-19 Awareness Hackathon,Hackathons
"SNS College of Technology (SNSCT), Coimbatore",Hackathons
RoboAppThon,Hackathons
"SNS College of Technology (SNSCT), Coimbatore",Hackathons
Codejunk - Techniche,Hackathons
"Indian Institute of Technology (IIT), Guwahati",Hackathons
Tata Crucible Campus Hackathon 2019,Hackathons
TATA Group,Hackathons
MGH - Mini Global Hackathon,Hackathons
"Sharda University (SU), Greater Noida",Hackathons
Bookingjini Hackathon,Hackathons
Bookingjini Labs,Hackathons
Hack-Pro-Tech,Hackathons
Institute of Electrical and Electronics Engineers (IEEE PEC),Hackathons
HackCoVIT2020,Hackathons
"VIT Bhopal University (VIT), Bhopal",Hackathons
COVID AR Challenge Hackathon | Nvidia | Startup India,Hackathons
Elixar Systems,Hackathons
AdvayaHacks - ACM Week Advaya,Hackathons
"Indira Gandhi Delhi Technical University for Women (IGDTUW), Delhi",Hackathons
Hack-A-Preneur,Hackathons
Confederation of Global Innovators (CGI),Hackathons
Game of Codes,Hackathons
Dare2Compete,Hackathons
De-Cov Ideathon,Hackathons
Tensors,Hackathons
Covid-19 Global Hackathon,Hackathons
Facebook,Hackathons
Challenger Hackathon 2020,Hackathons
Skillbit HR Services,Hackathons
Hack-a-thon Challenge,Hackathons
Internshala,Hackathons
Void Hacks(),Hackathons
"Shri Vaishnav Vidyapeeth Vishwavidyalaya (SVVV), Indore",Hackathons
WIEHACK 2.0,Hackathons
BVPIEEE,Hackathons
Ennovate 2020,Hackathons
"K. J. Somaiya College of Engineering (KJSCE), Mumbai",Hackathons
Women-in-the-loop: Data Science Hackathon by Bain & Company,Hackathons
Analytics Vidhya,Hackathons
HackHub,Hackathons
"Vellore Institute of Technology (VIT), Chennai Campus",Hackathons
QuantQuest - Text Prediction Challenge,Hackathons
Auquan,Hackathons
Hacksagon 2020,Hackathons
"Atal Bihari Vajpayee Indian Institute of Information Technology & Management, (ABV- IIITM) Gwalior",Hackathons
REEBOOT 2.0 | Hackathon,Hackathons
"Vellore Institute of Technology (VIT), Vellore",Hackathons
"E-Hack - E-Summit'20 VIT, Vellore",Hackathons
"Vellore Institute of Technology (VIT), Vellore",Hackathons
Product Design Hackathon 2020,Hackathons
Sanskrithi School Of Engineering,Hackathons
The Artificial Intelligence & Deep Learning Hackathon 2020,Hackathons
Unifynd Analytics,Hackathons
Game-a-Thon - Tryst,Hackathons
"Indian Institute of Technology (IIT), Delhi",Hackathons
Case Study Event - Adhyayan - Conference on Mechanical Engineering and Technology'20,Hackathons
"Indian Institute of Technology (IIT) (BHU), Varanasi",Hackathons
Data Science Hackathon - CSA Open Day 2020,Hackathons
"Indian Institute of Science (IISc), Bangalore",Hackathons
Software Hackathon | techFEST'20 - techFEST'20,Hackathons
"Sant Longowal Institute of Engineering & Technology (SLIET), Punjab",Hackathons
HackBout,Hackathons
"Nitte Meenakshi Institute of Technology (NMIT), Yelahanka",Hackathons
AccelATHON 2.0 - Inter-College Hackathon,Hackathons
Bangalore Chamber of Industry & Commerce,Hackathons
Global Hackathon,Hackathons
"Sharda University (SU), Greater Noida",Hackathons
BU'Hack,Hackathons
"Bennett University (BU), Greater Noida",Hackathons
Hackphoria'2020 - UPHORIA,Hackathons
"Bennett University (BU), Greater Noida",Hackathons
Hack The East 1.0 - Scintillations 2020,Hackathons
"Indian Institute of Engineering Science and Technology (IIEST), Shibpur",Hackathons
GetOnGurukul 1.0 - Digital Marketing Hackathon,Hackathons
Digital Gurukul,Hackathons
HackArena Data Science Hackathon,Hackathons
FORGE Accelerator,Hackathons
HackBMU,Hackathons
"BML Munjal University (BMU), Gurgaon",Hackathons
The Gutsy Entrepreneur,Hackathons
Rotaract District 3190,Hackathons
NASA Space App Pre Hackathon,Hackathons
"S.P. Mandali's, Prin. L.N. Welingkar Institute of Management Development and Research, Mumbai (WeSchool)",Hackathons
Analytics Day 2020 - Hackathon - Analytics Day,Hackathons
"Narsee Monjee Institute of Management Studies (NMIMS), Bangalore",Hackathons
NMIMS Hackathon,Hackathons
"Narsee Monjee Institute of Management Studies (NMIMS), Indore",Hackathons
"Hero MotoCorp ""Be a Road Hero"" Hackathon",Hackathons
Indian Road Safety Camapign,Hackathons
ArduiKnow Challenge - Tirutsava,Hackathons
"Indian Institute of Technology (IIT), Tirupati",Hackathons
App Dev Challenge - Tirutsava,Hackathons
"Indian Institute of Technology (IIT), Tirupati",Hackathons
Confluencia Hackathon - Confluencia,Hackathons
"Indian Institute of Technology (IIT), Roorkee",Hackathons
WCE Hackathon 2020,Hackathons
"Walchand College of Engineering (WCE), Sangli",Hackathons
Code Fiesta - Tirutsava,Hackathons
"Indian Institute of Technology (IIT), Tirupati",Hackathons
Industrial Carnival 3.0,Hackathons
Society of Petroleum Engineers VIT (SPEVIT),Hackathons
Hack Camp,Hackathons
Major League Hacking,Hackathons
DMCE Hackathon 2020,Hackathons
"Datta Meghe College of Engineering (DMCE), Navi Mumbai",Hackathons
Blockchain Track - E-Summit IIT Bombay,Hackathons
"Indian Institute of Technology (IIT), Bombay",Hackathons
"Productathon- Software Hackathon - E-Summit 2020, IIT Roorkee",Hackathons
"Indian Institute of Technology (IIT), Roorkee",Hackathons
Social Summit Hackathon - National Social Summit '20,Hackathons
"Indian Institute of Technology (IIT), Roorkee",Hackathons
Safer India Hackathon,Hackathons
Indian Road Safety Campaign,Hackathons
NITS Hacks 3.0 Software and Hardware Hackathon - NITS HACKS 3.0,Hackathons
"National Institute of Technology (NIT), Silchar",Hackathons
HACKDATA 4.0,Hackathons
"Shiv Nadar University (SNU), Greater Noida",Hackathons
The Great Hack - AIN 1.20,Hackathons
"School of Management Studies (SOMS), National Institute of Technology (NIT), Calicut",Hackathons
InAct: A National level Humanitarian Hackathon,Hackathons
"Symbiosis Statistical Institute (SSI), Pune, Maharashtra",Hackathons
SIH - Intra AIT,Hackathons
"Army Institute of Technology (AIT), Pune",Hackathons
Hack Studio,Hackathons
"Cochin University of Science And Technology (CUSAT), Kochi",Hackathons
Eko Developer Program,Hackathons
Eko India Financial Services,Hackathons
LTFS Data Science FinHack 2 (An Online Hackathon),Hackathons
Analytics Vidhya,Hackathons
Software Track - E-Summit IIT Bombay,Hackathons
"Indian Institute of Technology (IIT), Bombay",Hackathons
Data Track - E-Summit IIT Bombay,Hackathons
"Indian Institute of Technology (IIT), Bombay",Hackathons
Techstars Startup Weekend Madurai,Hackathons
Madurai Startups,Hackathons
Oak Codefest,Hackathons
"Oakridge International School, Bangalore",Hackathons
"Productathon - Hardware Hackathon - E-Summit 2020, IIT Roorkee",Hackathons
"Indian Institute of Technology (IIT), Roorkee",Hackathons
"Code Golf - Shaastra, IIT Madras",Hackathons
"Indian Institute of Technology (IIT), Madras",Hackathons
HACK36 2020,Hackathons
"Motilal Nehru National Institute of Technology (MNNIT), Allahabad",Hackathons
"Reverse Coding Online prelims 1 - Shaastra, IIT Madras",Hackathons
"Indian Institute of Technology (IIT), Madras",Hackathons
Industrial Carnival 3.0,Hackathons
Society of Petroleum Engineers VIT (SPEVIT),Hackathons
"Crayon Data Analytics Hackathon - Shaastra, IIT Madras",Hackathons
"Indian Institute of Technology (IIT), Madras",Hackathons
"Socure ML Interpretability Challenge - Shaastra, IIT Madras",Hackathons
"Indian Institute of Technology (IIT), Madras",Hackathons
Data Innovation Summit - Data Innovation Summit,Hackathons
"Indian School of Management and Entrepreneurship (ISME), Mumbai, Maharashtra",Hackathons
"Astrazeneca AI Challenge - Shaastra, IIT Madras",Hackathons
"Indian Institute of Technology (IIT), Madras",Hackathons
HackerTech,Hackathons
"Vellore Institute of Technology (VIT), Vellore",Hackathons
Predicting Food delivery timing Hackathon by IMS Proschool & Analytics India Magazine,Hackathons
IMS Proschool,Hackathons
Paradigm - E-Summit 2020: Build for Billions,Hackathons
"Shiv Nadar University (SNU), Greater Noida",Hackathons
Hackathon Chandigarh,Hackathons
Stellar Analytics,Hackathons
AI Hackathon 2020,Hackathons
Shopcom,Hackathons
Smart Aurangabad Hackathon,Hackathons
"Government College of Engineering (GECA), Aurangabad",Hackathons
Capture The Flag 1.0,Hackathons
"Symbiosis Center for Information Technology (SCIT), Pune",Hackathons
Heist - WARGAMES,Hackathons
"Symbiosis Center for Information Technology (SCIT), Pune",Hackathons
JAILBREAK - WARGAMES,Hackathons
"Symbiosis Center for Information Technology (SCIT), Pune",Hackathons
CTF - WARGAMES,Hackathons
"Symbiosis Center for Information Technology (SCIT), Pune",Hackathons
Bitathon,Hackathons
"Goa Institute of Management (GIM), Goa",Hackathons
Capgemini Tech Challenge 2019,Hackathons
Capgemini India,Hackathons
HackVerse NITK - HackVerse,Hackathons
"National Institute of Technology Karnataka (NITK), Surathkal",Hackathons
Hardware Hackathon 4.0,Hackathons
"Punjab Engineering College (PEC), Chandigarh",Hackathons
Hackathon,Hackathons
"Justice K S Hegde Institute of Management (JKSHIM), Nitte, Karnataka",Hackathons
Hackatron,Hackathons
"Birsa Institute of Technology (BIT), Sindri",Hackathons
BreakPoint- HackFest With Job Placement At Code Quotient - BreakPoint- HackFest With Job Placement At Code Quotient,Hackathons
"Chitkara University (CU), Himachal Pradesh",Hackathons
TVS Credit: CRYPTO - Coalesce'19,Hackathons
"Goa Institute of Management (GIM), Goa",Hackathons
MLH Build Day: Hack it,Hackathons
Microsoft Student Partner -Nagpur Community,Hackathons
SOFTWARE HACKATHON,Hackathons
"Punjab Engineering College (PEC), Chandigarh",Hackathons
CodeVar - COMPETITION,Hackathons
"Vellore Institute of Technology (VIT), Vellore",Hackathons
Hackathon- Code for Safer india 2019 (For Bangalore School Students Class IX-XII),Hackathons
Indian Road Safety Campaign,Hackathons
Digital Genius - Kanyathon 2020,Hackathons
"IFIM Business School (IFIM), Bangalore",Hackathons
Binary Geeks,Hackathons
Institute of Electrical and Electronics Engineers (IEEE PEC),Hackathons
Hardware Hackathon,Hackathons
Institute of Electrical and Electronics Engineers (IEEE PEC),Hackathons
The Braitenberg Coding Challenge - National Students' Space Challenge 2019,Hackathons
"Space Technology Students' Society, IIT Kharagpur",Hackathons
Hack-A-BIT - Hack-A-BIT,Hackathons
"Birla Institute of Technology (BIT), Mesra, Ranchi",Hackathons
hackCBS 2.0 - Hackathon cum Conference,Hackathons
"Shaheed Sukhdev College of Business Studies (SSCBS), University of Delhi (DU), Delhi",Hackathons
Business Analytics and Data Mining Championship 2019,Hackathons
"Narsee Monjee Institute of Management Studies (NMIMS), Mumbai",Hackathons
Version Beta,Hackathons
"Maulana Azad National Institute of Technology (MANIT), Bhopal",Hackathons
"Defence Innovation Challenge - Shaastra, IIT Madras",Hackathons
"Indian Institute of Technology (IIT), Madras",Hackathons
Hack-a-thon - Technovit 2019,Hackathons
"Vellore Institute of Technology (VIT), Chennai Campus",Hackathons
Make-a-thon - Technovit 2019,Hackathons
Valeo India Private Limited (VIPL),Hackathons
AmExpert 2019 – Machine Learning Hackathon,Hackathons
Analytics Vidhya,Hackathons
Hackerstack1.0 - Engineer's Day,Hackathons
"Chandigarh Group of Colleges (CGC), Jhanjeri",Hackathons
Hackware 2019,Hackathons
Schneider Electric,Hackathons
Campus Ambassador,Hackathons
Indian Road Safety Campaign,Hackathons
Facebook Build Day 2019 - Hackathon,Hackathons
Developer Circles (DC),Hackathons
CodeJunk - Techniche,Hackathons
"Indian Institute of Technology (IIT), Guwahati",Hackathons
India Machine Learning Hiring Hackathon 2019,Hackathons
Analytics Vidhya,Hackathons
Challenge ACI Hackathon - 48 hour national level Hackathon,Hackathons
"Gokaraju Rangaraju Institute of Engineering and Technology (GRIET), Hyderabad",Hackathons
Design360 - ESYA'19,Hackathons
"Indraprastha Institute of Information Technology (IIIT), Delhi",Hackathons
Code to Care Challenge,Hackathons
PHILIPS,Hackathons
Tech-A-Thon,Hackathons
Fame Technologies,Hackathons
NPCI Hackathon,Hackathons
"National Payments Corporation of India (NPCI), Mumbai",Hackathons
WNS Analytics Wizard 2019 Hackathon,Hackathons
Analytics Vidhya,Hackathons
UXHack Learning Hackathon 3: Let's Build for India,Hackathons
UXHack (UXH),Hackathons
AI Hackathon 2019 - Artificial Intelligence Hackathon 2019,Hackathons
"Symbiosis Institute of Technology (SIT), Pune",Hackathons
Innoplexus Online Hiring Hackathon Sentiment Analysis,Hackathons
Analytics Vidhya,Hackathons
Colombia - Gender Recognition Challenge,Hackathons
Times Internet Limited,Hackathons
SYND iNNOVATE,Hackathons
Syndicate Bank,Hackathons
Junction Online: Impact Hackathon,Hackathons
Hack Junction,Hackathons
Hack Summit - Aaruush,Hackathons
"SRM Institute of Science and Technology (SRMIST), Chennai",Hackathons
NEC Hackathon: Transport,Hackathons
NEC,Hackathons
"She codes, Indeed challenge 2019",Hackathons
Indeed,Hackathons
American Express CodeStreet'19,Hackathons
American Express,Hackathons
AmExpert decipHER – Women Machine Learning Hackathon,Hackathons
Analytics Vidhya,Hackathons
Bounce Hack 1.0,Hackathons
Bounce,Hackathons
QuantumBlack Hackathon,Hackathons
Analytics Vidhya,Hackathons
Samsung Software Developer Hiring Challenge,Hackathons
Samsung,Hackathons
Freshworks Hack2Hire,Hackathons
T-Hub,Hackathons
Cognizant Azure Hackathon,Hackathons
Cognizant,Hackathons
APL Problem Solving Competition 2019,Hackathons
Dyalog,Hackathons
GEP TECHATHON 2019,Hackathons
GEP,Hackathons
Alibaba Cloud Championship,Hackathons
Alibaba Cloud (India) LLP (ACIL),Hackathons
DigitalOcean CloudHack,Hackathons
"DigitalOcean (DO), US",Hackathons
Risk Innovation Challenge,Hackathons
EYFinTech,Hackathons
Genesis Hack - The Blockchain Hackathon,Hackathons
"IBC Media (IM), Bangalore",Hackathons
AGS Transact Hackathon,Hackathons
AGS Transact Technologies Limited (AGSTTL),Hackathons
On the plague trail: HackerEarth Machine Learning challenge,Hackathons
HackerEarth,Hackathons
May Circuits '19,Hackathons
HackerEarth,Hackathons
Manipal Hackathon - Techtatva'19,Hackathons
"Manipal Institute of Technology (MIT), Manipal",Hackathons
Klaytn Hackathon,Hackathons
Klaytn,Hackathons
UXHack Learning Hackathon 2,Hackathons
UXHack (UXH),Hackathons
ETHIndia,Hackathons
ETHGlobal,Hackathons
Game of Deep Learning: Computer Vision Hackathon,Hackathons
Analytics Vidhya,Hackathons
Algolympics - Techvaganza'19,Hackathons
"National Institute of Technology (NIT), Srinagar",Hackathons
Code Relay - TechVaganza'19,Hackathons
"National Institute of Technology (NIT), Srinagar",Hackathons
Code-JAM,Hackathons
Dare2Compete,Hackathons
Code-A-Thon,Hackathons
Dare2Compete,Hackathons
International Women's Hackathon 2019,Hackathons
HackerEarth,Hackathons
SHRM Hackathon,Hackathons
SHRM India,Hackathons
Predicting Restaurant Food Cost Hackathon,Hackathons
MachineHack,Hackathons
Club Mahindra DataOlympics,Hackathons
Analytics Vidhya,Hackathons
HackAMU - Zarf' 19,Hackathons
"Zakir Hussain College of Engineering and Technology (ZHCET), Aligarh",Hackathons
Code Gladiators 2019,Hackathons
TechGig,Hackathons
Intel Python HACKFURY²,Hackathons
Intel,Hackathons
Dreamathon 2k19 - 36 Hour Coding Hackathon,Hackathons
Dreamsoft Innovations Private Limited,Hackathons
Code Relay,Hackathons
"National Institute of Technology (NIT), Srinagar",Hackathons
405 Found,Hackathons
"National Institute of Technology (NIT), Srinagar",Hackathons
Hackathon - Tech Fest,Hackathons
"Eranad Knowledge City Technical Campus (EKCTC), Manjeri, Kerala",Hackathons
LTFS Data Science FinHack (ML Hackathon),Hackathons
Analytics Vidhya,Hackathons
Brainstorm- The Business Hackathon - Nimbus 2k19,Hackathons
"National Institute of Technology (NIT), Hamirpur",Hackathons
Startup Hunt 2.0 - Nimbus 2k19,Hackathons
"National Institute of Technology (NIT), Hamirpur",Hackathons
Hackatronics - APOGEE 2019,Hackathons
"Birla Institute of Technology & Science (BITS), Pilani",Hackathons
Open Source Challenge 2019,Hackathons
Global Open Source Society,Hackathons
Rock Paper Scissors!,Hackathons
CODEMOTION,Hackathons
Hackathon-Machine Learning,Hackathons
Edelweiss Group,Hackathons
CodeWar,Hackathons
Intuit,Hackathons
ML Hikeathon :Online Machine Learning Hackathon,Hackathons
Analytics Vidhya,Hackathons
MiC: MOBILE APP iNNOVATION CHALLENGE,Hackathons
"University of Petroleum & Energy Studies (UPES), Dehradun",Hackathons
HackHub,Hackathons
"Vellore Institute of Technology (VIT), Vellore",Hackathons
Conquest 2019,Hackathons
"Birla Institute of Technology & Science (BITS), Pilani",Hackathons
Business Timecoon - Profectus'19,Hackathons
"Hansraj College (HC), University of Delhi (DU), New Delhi",Hackathons
Horizon'19 Technica - Horizon,Hackathons
"Vellore Institute of Technology (VIT), Vellore",Hackathons
Innoplexus Online Hiring Hackathon: Saving lives with AI,Hackathons
Analytics Vidhya,Hackathons
Full Day Workshop: Crack Analytics Interviews (Delhi NCR),Hackathons
Analytics Vidhya,Hackathons
Tredence SQL Hackathon: Hack and Get Hired,Hackathons
Analytics Vidhya,Hackathons
Government Campaign System,Hackathons
Pucho Technology Information Private Limited,Hackathons
JU-RHYTHM HACKATHON - JU Rhythm,Hackathons
"JECRC University (JECRCU), Vidhani, Jaipur, Rajasthan",Hackathons
IBM Hackathon - Tryst 2019 - IIT Delhi,Hackathons
"Indian Institute of Technology (IIT), Delhi",Hackathons
Hackathon- Solve for Safer India,Hackathons
Indian Road Safety Campaign,Hackathons
15 days of hack,Hackathons
"Cochin University of Science And Technology (CUSAT), Kochi",Hackathons
Geek Div'a,Hackathons
ggk tech,Hackathons
Technothon Kaizen'19 - Kaizen,Hackathons
"Indian Institute of Technology (IIT), Delhi",Hackathons
Build A Recommendation Engine (Powered by IBM Cloud),Hackathons
Analytics Vidhya,Hackathons
HACKATHON: DESIGN THINKING - Design Thinking Workshop,Hackathons
"Jaipuria Institute of Management (JIM), Lucknow",Hackathons
SELECT Make-A-Thon'19 - SELECT Make-A-Thon,Hackathons
"Vellore Institute of Technology (VIT), Vellore",Hackathons
Solutions'19-Hackathon - SOLUTIONS,Hackathons
"Army Institute of Technology (AIT), Pune",Hackathons
YES BANK Datathon | Campus Edition - APOGEE - BITS Pilani - APOGEE 2019,Hackathons
"Birla Institute of Technology & Science (BITS), Pilani",Hackathons
Flipkart GRiD – Te[a]ch The Machines | 2019,Hackathons
Flipkart,Hackathons
ELECTROTHON - Plinth,Hackathons
"LNM Institute of Information Technology (LNMIIT), Jaipur",Hackathons
HackOnHills4 - Annual Student Hackathon,Hackathons
"National Institute of Technology (NIT), Hamirpur",Hackathons
<I_HACK>,Hackathons
"Indian Institute of Technology (IIT), Bombay",Hackathons
Pragyan Hackathon - Pragyan,Hackathons
"National Institute of Technology (NIT), Trichy",Hackathons
"""The Great Online Hackathon 2019"" - National Entrepreneurship Challenge (NEC) 2018 - IIT Bombay",Hackathons
"MIT Academy of Engineering (MITAOE), Pune, Maharashtra",Hackathons
Coopathon 2.0,Hackathons
International Cooperative Alliance Asia Pacific,Hackathons
15 days of Hack - Dhishna,Hackathons
"Cochin University of Science And Technology (CUSAT), Kochi",Hackathons
Intel Scene Classification Challenge,Hackathons
Analytics Vidhya,Hackathons
Innovicon: The AI Conference,Hackathons
BVPIEEE,Hackathons
"PRODUCTATHON - E-Summit, 2019",Hackathons
"Indian Institute of Technology (IIT), Roorkee",Hackathons
Capillary Machine Learning Hackathon,Hackathons
Analytics Vidhya,Hackathons
Catalyst E-cell REC - Hackathon - National Entrepreneurship Challenge (NEC) 2018 - IIT Bombay,Hackathons
Catalyst E-cell REC,Hackathons
Hack36 2.0,Hackathons
"Motilal Nehru National Institute of Technology (MNNIT), Allahabad",Hackathons
Blockchain Hackathon - Shaastra,Hackathons
"Indian Institute of Technology (IIT), Madras",Hackathons
Hack It - National Entrepreneurship Challenge (NEC) 2018 - IIT Bombay,Hackathons
"Bharati Vidyapeeth University College of Engineering (BVCOE), Katraj, Pune",Hackathons
CODE YUDH - National Entrepreneurship Challenge (NEC) 2018 - IIT Bombay,Hackathons
"National Institute of Technology (NIT), Srinagar",Hackathons
E-Cell SSGMCE presents Codomaniac - National Entrepreneurship Challenge (NEC) 2018 - IIT Bombay,Hackathons
"Shri Sant Gajanan Maharaj College of Engineering (SSGMCE), Shelgaon, Maharashtra",Hackathons
CYBER CUP HACKATHON - CYBER CUP,Hackathons
"Amity University (AU), Noida",Hackathons
ciped-Hackathon - National Entrepreneurship Challenge (NEC) 2018 - IIT Bombay,Hackathons
"S.A. Engineering College (SAEC), Chennai",Hackathons
IBM Trusted AI Hackathon - Shaastra,Hackathons
"Indian Institute of Technology (IIT), Madras",Hackathons
HackAR,Hackathons
Other organization not listed here,Hackathons
Entrepreneurship Cell NSUT- THe Great Online Hackathon,Hackathons
"Netaji Subhas University of Technology (NSUT), Delhi",Hackathons
Entrepreneurship Cell SNU Hackathon - National Entrepreneurship Challenge (NEC) 2018 - IIT Bombay,Hackathons
"Shiv Nadar University (SNU), Greater Noida",Hackathons
Corporate Communication Workshop - Chaos- The Annual Cultural Festival of IIM Ahmedabad,Hackathons
"Indian Institute of Management (IIM), Ahmedabad",Hackathons
Flagship writing workshop - Chaos- The Annual Cultural Festival of IIM Ahmedabad,Hackathons
"Indian Institute of Management (IIM), Ahmedabad",Hackathons
Screenwriting workshop - Chaos- The Annual Cultural Festival of IIM Ahmedabad,Hackathons
"Indian Institute of Management (IIM), Ahmedabad",Hackathons
iHack - SPARK'19,Hackathons
"Vellore Institute of Technology (VIT), Vellore",Hackathons
Genpact Machine Learning Hackathon 2018,Hackathons
Analytics Vidhya,Hackathons
Blockchain Workshop + Hackathon - Shaastra,Hackathons
"Indian Institute of Technology (IIT), Madras",Hackathons
Toyota Hackathon 2018 - Toyota Hackathon 2018,Hackathons
Indian Road Safety Campaign,Hackathons
Smart India Hackathon 2019,Hackathons
All India Council for Technical Education (AICTE),Hackathons
Great Coding Hackathon \\V.0.1 - Beat The Codes - National Entrepreneurship Challenge (NEC) 2018 - IIT Bombay,Hackathons
"Kamla Lohtia S. D. College (KLSDC), Ludhiana, Punjab",Hackathons
The Hackathon - An iFEEL E-Cell Initiative - National Entrepreneurship Challenge (NEC) 2018 - IIT Bombay,Hackathons
"Institute for Future Education, Entrepreneurship & Leadership (iFEEL), Lonavala, Maharashtra",Hackathons
Hackathon 1.0 - National Entrepreneurship Challenge (NEC) 2018 - IIT Bombay,Hackathons
"Dr. Bhimrao Ambedkar University (DBAU), Agra, Uttar Pradesh",Hackathons
Shaastra AI Challenge,Hackathons
"Indian Institute of Technology (IIT), Madras",Hackathons
The Entrepreneurial Board's Hackathon - National Entrepreneurship Challenge (NEC) 2018 - IIT Bombay,Hackathons
"College of Vocational Studies (CVS), Delhi University (DU)",Hackathons
"Oriental College of Technology presents ""The Great Online Hackathon"" - National Entrepreneurship Challenge (NEC) 2018 - IIT Bombay",Hackathons
"Oriental College of Technology (OCT), Bhopal",Hackathons
E-Cell IET DAVV Programming Contest - National Entrepreneurship Challenge (NEC) 2018 - IIT Bombay,Hackathons
"Institute of Engineering and Technology (IET) DAVV, Indore",Hackathons
Entrepreneurship Cell's Hackathon SNU - National Entrepreneurship Challenge (NEC) 2018 - IIT Bombay,Hackathons
"Shiv Nadar University (SNU), Greater Noida",Hackathons
AmExpert 2018 (Machine Learning Hackathon),Hackathons
Analytics Vidhya,Hackathons
Sports Analytics Hackathon - Shaastra,Hackathons
"Indian Institute of Technology (IIT), Madras",Hackathons
Code-A-Thon - National Entrepreneurship Challenge (NEC) 2018 - IIT Bombay,Hackathons
"Birla Institute of Applied Sciences (BIAS), Bhimtal, Nainital",Hackathons
Rakathon 2018 - Let the code pitch for you! - Rakathon 2018,Hackathons
Rakuten India Enterprise PVT LTD,Hackathons
Makeathon - National Entrepreneurship Challenge (NEC) 2018 - IIT Bombay,Hackathons
"R.V. College of Engineering (RVCE), Bangalore",Hackathons
LNMHacks 3.0,Hackathons
Other organization not listed here,Hackathons
HackathonPune 2018,Hackathons
e-Zest Solutions,Hackathons
Coin-A-Thon - Amalthea'18,Hackathons
"Indian Institute of Technology (IIT), Gandhinagar",Hackathons
D'Code - Amalthea'18,Hackathons
"Indian Institute of Technology (IIT), Gandhinagar",Hackathons
DCB Innovation Carnival Hackathon,Hackathons
Development Credit Bank Ltd,Hackathons
A day with hackers,Hackathons
Ercess Live,Hackathons
HackerOn Ethical Hacking Workshop in delhi - HackerOn,Hackathons
ICSS INDIA,Hackathons
The Great Online Hackathon - National Entrepreneurship Challenge (NEC) 2018 - IIT Bombay,Hackathons
"Shree L.R Tiwari College of Engineering (SLRTCE), Mumbai",Hackathons
Adobe Analytics Challenge 2018,Hackathons
Adobe Inc.,Hackathons
NASA's Space Apps Challenge 2018,Hackathons
NASA,Hackathons
Get it done,Hackathons
Wikiformat,Hackathons
TechGig - Virtual Campus League,Hackathons
TechGig,Hackathons
LHCreate Hackathon 2019,Hackathons
Other organization not listed here,Hackathons
WIEHack: All Women Development Hackathon,Hackathons
"Bharati Vidyapeeth's College of Engineering (BVCOE), New Delhi",Hackathons
I_HACK 2018 - National Entrepreneurship Challenge (NEC) 2018 - IIT Bombay,Hackathons
"KIT College of Engineering (KITCOE), Kohlapur",Hackathons
Geek Goddess 2018,Hackathons
TechGig,Hackathons
Crack The Enigma | Call of Code: Society Warfare,Hackathons
Other organization not listed here,Hackathons
"Coding Club, BITS Pilani | Call of Code: Society Warfare",Hackathons
"Birla Institute of Technology & Science (BITS), Pilani",Hackathons
Code Wonza,Hackathons
Other organization not listed here,Hackathons
CodeNite 1.1,Hackathons
"Indian Institute of Technology (IIT), Kharagpur",Hackathons
WNS Analytics Wizard 2018,Hackathons
Analytics Vidhya,Hackathons
RIVIGO Coding Championship,Hackathons
RIVIGO Services Pvt. Ltd.,Hackathons
Bengalathon,Hackathons
Government of West Bengal,Hackathons
The Braitenberg Coding Challenge - National Students' Space Challenge 2018,Hackathons
"Indian Institute of Technology (IIT), Kharagpur",Hackathons
Hajj Hackathon,Hackathons
"Saudi Federation for Cybersecurity, Programming and Droners",Hackathons
HACK2HIRE,Hackathons
United Technologies Corporation (UTC),Hackathons
NMIMS | SAS® – Business Analytics & Data Mining Championship 2018,Hackathons
"Narsee Monjee Institute of Management Studies (NMIMS), Mumbai",Hackathons
SKYHack 2018,Hackathons
36INC,Hackathons
McKinsey Analytics Online Hackathon,Hackathons
Analytics Vidhya,Hackathons
TechStein Open Hackathon 2018,Hackathons
Swiggy,Hackathons
Hackathon 5.0 - DigiFest,Hackathons
Government of Rajasthan,Hackathons
Online Hackathon 2018,Hackathons
Government of Rajasthan,Hackathons
India Innovation Challenge Design Contest 2018 - Smart India Hackathon 2018,Hackathons
Department of Science and Technology (DST),Hackathons
Big Break in Big Data: Sapient Talent Hunt for Data Engineers,Hackathons
Analytics Vidhya,Hackathons
Call for Code Global Challenge,Hackathons
IBM,Hackathons
APL Problem Solving Competition,Hackathons
Dyalog,Hackathons
World Music Hackathon,Hackathons
HackerEarth,Hackathons
WTF (Women.Tech.Fab) Hackathon,Hackathons
Chargbee Technologies,Hackathons
Ready Hacker One,Hackathons
Exsilio Solutions,Hackathons
Hack-E-Thon,Hackathons
"Indian Institute of Technology (IIT), Patna",Hackathons
HackWithInfy,Hackathons
Infosys,Hackathons
HackXLR8 - TechXLR8,Hackathons
BeeMyApp,Hackathons
Titan- Wear Your Smarts,Hackathons
Titan,Hackathons
DBS Hack2Hire,Hackathons
DBS Bank Ltd,Hackathons
Aegon Hackathon 2018,Hackathons
Aegon,Hackathons
ZS Data Science Challenge - 2018,Hackathons
ZS Associates,Hackathons
Varian Software Engineer Hiring Challenge,Hackathons
Varian Oncology Continuum Solution (OCS),Hackathons
Hackathon 2018 - Summer Project Challenge,Hackathons
technouniversity.co.in,Hackathons
Hack-E-Thon,Hackathons
"Indian Institute of Technology (IIT), Patna",Hackathons
The Ultimate Crypto Challenge,Hackathons
Other organization not listed here,Hackathons
Python Hack Fury,Hackathons
Intel,Hackathons
Ideathon,Hackathons
N/Core,Hackathons
Small and Medium Business (SMB) Challenge,Hackathons
Pitney Bowes,Hackathons
Blockchain Bootcamp,Hackathons
Innolabz Ventures Private Limited,Hackathons
Student DataFest 2018: The Data Supremacy (Hackathon),Hackathons
Analytics Vidhya,Hackathons
Student DataFest 2018: The Data Identity (Hackathon),Hackathons
Analytics Vidhya,Hackathons
Mumbai FinTech Festival ‘HackM’ - Mumbai FinTech Festival 2018,Hackathons
Government of Maharashtra,Hackathons
Codeaholics,Hackathons
Zinnov,Hackathons
Click Predict Innovate,Hackathons
Procter & Gamble (P&G),Hackathons
Innoplexus Online Hackathon,Hackathons
Analytics Vidhya,Hackathons
Code Gladiators 2018,Hackathons
TechGig,Hackathons
McKinsey Analytics Online Hackathon,Hackathons
Analytics Vidhya,Hackathons
Machine Learning,Hackathons
Credit Suisse Group,Hackathons
E-Commerce,Hackathons
Shoppers Stop,Hackathons
Blockchain,Hackathons
JIO Digital Life,Hackathons
Artificial Intelligence,Hackathons
JIO Digital Life,Hackathons
Internet of Things,Hackathons
ABB Group,Hackathons
HackDev Challenge,Hackathons
Hasura,Hackathons
Alexa Skills Hackathon,Hackathons
Amazon,Hackathons
RuPay Contactless Ideathon,Hackathons
RuPay,Hackathons
Intel Fintechathon,Hackathons
Intel,Hackathons
Lord of the Machines: Data Science Hackathon,Hackathons
Analytics Vidhya,Hackathons
DataHack Premier League 2018 Hackathon,Hackathons
Analytics Vidhya,Hackathons
Tata Crucible Campus Hackathon 2018,Hackathons
TATA Group,Hackathons
PRITECH WALKATHON - International Women's Day,Hackathons
Parkmed Healthcare,Hackathons
McKinsey Analytics Online Hackathon- Recommendation Design,Hackathons
Analytics Vidhya,Hackathons
ADCAT's HackaSurance,Hackathons
"ADCAT, HDFC Life",Hackathons
"FactorBranded Data Warriors features 4 challenges from Delhivery, Myntra, Zomato and Portea Medical.",Hackathons
FactorBranded,Hackathons
"IRSC, IIT Delhi & Live Media's Hackathon: Code For Safer India",Hackathons
Indian Road Safety Campaign,Hackathons
TATA Crucible Hackathon - Campus Edition 2018,Hackathons
TATA Group,Hackathons
Quark CodeJam - Quark,Hackathons
"Birla Institute of Technology and Sciences (BITS), Pilani, Goa Campus",Hackathons
The Young Optimization Crackerjack Contest presented by IEOR @ IITB & McKinsey Knowledge Center India,Hackathons
Analytics Vidhya,Hackathons
Hackathon - Quark,Hackathons
"Birla Institute of Technology and Sciences (BITS), Pilani, Goa Campus",Hackathons
Br0ken w3b Challenge - Hackathon,Hackathons
Deutsche Telekom,Hackathons
True AR Challenge for developers and designers,Hackathons
WayRay,Hackathons
Hackathon 2K18 [OFFLINE] CONTEST - VIBRANIUM 2.0,Hackathons
"Eranad Knowledge City Technical Campus (EKCTC), Manjeri, Kerala",Hackathons
HackQuest 2.0 : TCS Ethical Hacking Contest,Hackathons
Tata Consultancy Services (TCS),Hackathons
International Women's Hackathon 2018,Hackathons
HackerEarth,Hackathons
I_Hack Hackathon - E-Summit 2018,Hackathons
"Indian Institute of Technology (IIT), Bombay",Hackathons
IBM Hackathon at IISc - Pravega,Hackathons
"Indian Institute of Science (IISc), Bangalore",Hackathons
Online Hackathon Festival (OHF),Hackathons
Dare2Compete,Hackathons
FactorBranded Data Warriors Challenge,Hackathons
FactorBranded,Hackathons
January Circuits '18,Hackathons
Honeywell International Inc.,Hackathons
CodeUtsava 2.0,Hackathons
CodeUtsava 2.0,Hackathons
Intuit : Codewar 2018 (Women Only),Hackathons
Intuit,Hackathons
NEC IIT Bombay presents The HackTrix 2018,Hackathons
"Oriental College of Technology (OCT), Bhopal",Hackathons
NEC IIT Bombay presents Hack into Fame,Hackathons
"Symbiosis Institute of Technology (SIT), Pune",Hackathons
Student Of The Year,Hackathons
GeeksforGeeks,Hackathons
NEC IIT Bombay presents Hackathon,Hackathons
"Rajiv Gandhi Institute of Information Technology, Amethi, Uttar Pradesh (AP IIIT RK VALLEY)",Hackathons
NEC IIT Bombay presents Solve it out!,Hackathons
"RCC Institute of Information Technology (RCCIIT), Kolkata",Hackathons
Genpact Java J2EE Coding Challenge,Hackathons
Genpact,Hackathons
Predix Mobility Challenge,Hackathons
Other organization not listed here,Hackathons
Ola Android Developer Hiring Challenge,Hackathons
OLA,Hackathons
NEC IIT Bombay presents Hackathrone,Hackathons
"Sagar Institute of Research and Technology (SIRT), Bhopal",Hackathons
BrainWaves 2017-18,Hackathons
Societe Generale Global Solution Centre (SG GSC),Hackathons
NEC IIT Bombay presents Hackathon,Hackathons
"Birla Institute of Applied Sciences (BIAS), Bhimtal, Nainital",Hackathons
NEC IIT Bombay presents Codelympics - The Trailblazing Hackathon,Hackathons
"National Institute of Technology (NIT), Agartala",Hackathons
NEC IIT Bombay presents The Great Online Hackathon,Hackathons
"Shree L.R Tiwari College of Engineering (SLRTCE), Mumbai",Hackathons
NEC IIT Bombay presents Kick the Bit Bucket,Hackathons
"Institute for Future Education, Entrepreneurship & Leadership (iFEEL), Lonavala, Maharashtra",Hackathons
NEC IIT Bombay presents ENTRETHON,Hackathons
"University Institute of Engineering and Technology (UIET), Chandigarh",Hackathons
Indore Hacks,Hackathons
"Indian Institute of Management (IIM), Indore",Hackathons
NEC IIT Bombay presents Code-It,Hackathons
"Shri Sant Gajanan Maharaj College of Engineering (SSGMCE), Shelgaon, Maharashtra",Hackathons
NEC IIT Bombay presents Codewars,Hackathons
"Hindu College (HU), University of Delhi (DU), New Delhi",Hackathons
NEC IIT Bombay Presents CodeSprint,Hackathons
"Bipin Tripathi Kumaon Institute of Technology (BTKIT), Dwarahat",Hackathons
NEC IIT Bombay presents Hashtrix,Hackathons
"Oriental Institute of Science and Technology (OIST), Bhopal",Hackathons
NEC IIT Bombay presents HackStack,Hackathons
"Harcourt Butler Technical University (HBTU), Kanpur",Hackathons
SBI - Digitize For Bank 2017,Hackathons
State Bank of India (SBI),Hackathons
SYF H@CKON 2017,Hackathons
Synchrony Financial,Hackathons
Finackathon 2017,Hackathons
Fintech Valley Vizag,Hackathons
IT System Obsolescence,Hackathons
Gravity Consulting,Hackathons
KitCat Hackathon,Hackathons
Robert Bosch GmbH,Hackathons
NEC IIT Bombay presents EnHack- The Entrepreneurship Hackathon,Hackathons
"Netaji Subhas University of Technology (NSUT), Delhi",Hackathons
LNMHacks 2.0,Hackathons
"LNM Institute of Information Technology (LNMIIT), Jaipur",Hackathons
NEC IIT Bombay presents BitShift,Hackathons
"National Institute of Technology (NIT), Srinagar",Hackathons
Baroda Finathon Challenge,Hackathons
Bank of Baroda (BOB),Hackathons
Amplitude Hackathon 2017,Hackathons
Mastercard,Hackathons
Bihar State Hackathon 2017 - Bihar IT ITeS Investor Conclave-cum- Hackathon,Hackathons
"Department of IT, Govt. of Bihar",Hackathons
Swachhathon 1.0,Hackathons
Department of Drinking Water & Sanitation (DDWS),Hackathons
Hackocracy #HACK4RIGHTS - 70th Anivarsary of Independence,Hackathons
HackerEarth,Hackathons
Code Junk - Techniche,Hackathons
"Indian Institute of Technology (IIT), Guwahati",Hackathons
SPY TO SEEK,Hackathons
"Birla Institute of Technology & Science (BITS), Pilani",Hackathons
MANTHAN 404 FOUND- THE HIRING HACKATHON,Hackathons
Manthan,Hackathons
Concept and Hacking Day,Hackathons
Hack Concept N,Hackathons
The 2017 GBIF Ebbe Nielsen Challenge,Hackathons
GBIF,Hackathons
Atlassian Codegeist Hackathon 2017,Hackathons
Atlassian,Hackathons
Hack With ZAFIN-Tech,Hackathons
Zafin,Hackathons
HackGSF - Bangalore 2017,Hackathons
Amazon Web Services (AWS),Hackathons
IP2Location Programming Contest 2017,Hackathons
IP2Location.com,Hackathons
The Dyalog APL problem solving competition.,Hackathons
DYALOG APL 2017,Hackathons
Think-A-Thon,Hackathons
Hewlett Packard,Hackathons
INDIA RISING,Hackathons
deutsche Kraftwerke,Hackathons
Flipkart's Gridlock Hackathon,Hackathons
Flipkart,Hackathons
#UnitedByHCL Hackathon,Hackathons
HCL Technologies Limited (HCL),Hackathons
GlobCon Technologies: Hackathon 2017,Hackathons
GlobCon Technologies Pvt Ltd,Hackathons
TopCoder Marathon Matches,Hackathons
TopCoder,Hackathons
Startup Weekend Mumbai,Hackathons
Startup Weekend Mumbai,Hackathons
Codechef Snack Down,Hackathons
CodeChef Educational Initiative,Hackathons
AWS Chatbot Challenge,Hackathons
Amazon,Hackathons
IndiaHacks 2017 - Programming - IndiaHacks 2017,Hackathons
HackerEarth,Hackathons
IndiaHacks 2017 - Machine Learning - IndiaHacks 2017,Hackathons
HackerEarth,Hackathons
IndiaHacks 2017: Fintech,Hackathons
HackerEarth,Hackathons
Power Of Connected Hackathon,Hackathons
Honeywell International Inc.,Hackathons
Demystify the Source,Hackathons
Digital Harbor,Hackathons
Java Code Challenge,Hackathons
GE Digital,Hackathons
Earn While You Learn Workshop,Hackathons
"Aligarh Muslim University (AMU), Aligarh",Hackathons
"Lan Gaming(CS-GO,COD,Fifa2k16) - TECHNOVATION 2K17",Hackathons
"Lovely Professional University (LPU), Punjab",Hackathons
Like You - TECHNOVATION 2K17,Hackathons
"Lovely Professional University (LPU), Punjab",Hackathons
SANKALP 2017 WORLD CHAMPIONSHIPS,Hackathons
Veloces Consulting Services Pvt. Ltd.,Hackathons
OUR WEAVER OF WORDS FOR WRITERS AND ARTISTS,Hackathons
unpublished platform,Hackathons
ROBO MAZE - Robolympia 2K17,Hackathons
"Muffakham Jah College of Engineering and Technology (MJCET), Hyderabad",Hackathons
Samvaad,Hackathons
