July Circuits '20,,Hackathon
Esko Software Engineer Hiring Challenge,,Hackathon
American Express Codestreet'20,,Hackathon
Let the fight begin,,Hackathon
ThoughtWorks Fullstack Developer Hiring challenge - July 2020,,Hackathon
Coda Global FullStack Superhero Hiring Challenge,,Hackathon
Coda Global Frontend Superhero Hiring Challenge,,Hackathon
Amagi ‘GO CLOUD’ Challenge,,Hackathon
Akamai Coding Edge - Quiz,,Hackathon
Data Structures and Algorithms Coding Contest,,Hackathon
Happiest Minds Data Engineer Hiring challenge,,Hackathon
July Easy '20,,Hackathon
AutoRABIT Off Campus Fresher Hiring,,Hackathon
HackerEarth Machine Learning challenge: Love is love,,Hackathon
Code with GlobalShala - Internship Hackathon,,Hackathon
June Circuits '20,,Hackathon
Brute Force 1.0,,Hackathon
Juspay Developer Hiring challenge June 2020,,Hackathon
