Trading IT Developer,
Senior Public Cloud Engineer,
Dynamic Risk Assessment Developer,
Devops Engineer,
JC Enterprise SD&A Engineer,
Field Engineer,
SAP MDG 31 JULY 2020,
Field Engineer,
Field Engineer,
"Full Stack Developer -NODE JS, React Native",
JC Enterprise SD&A Engineer,
Java Microservices,
Field Engineer,
JC Enterprise SD&A Engineer,
DevOps Engineer,
JC Enterprise SD&A Engineer,
BI Developer Intern,
JC Enterprise SD&A Engineer,
JC Enterprise SD&A Engineer,
UX Designer,
Director Software Engineering,
Master Data Associate,
Software Development Engineer In Test,
Master Data Associate,
Lead Java Microservices Developer,
Product Support Analyst,
Software Licensing Assistant,
Senior UX Designer,
Big Data - Lead Software Engineer,
Freelancer Graphic Designer,
Junior PHP Developer(Codeignitor),
"Technical Writer Editor, Senior",
"Technical Writer Editor, Senior",
Enterprise Mobility Consultant,
"Technical Writer, Journeyman",
Partner Sales Engineer,
"NetSuite PBCS / PSA, Sales Snr Manager",
"NetSuite AMO, Sales Snr Manager",
R&D Trainee,
Software Development Engineer in Test II,
"Senior Engineer, JAMF",
"Principal Enterprise Analyst, Finance & Accounting",
Senior Scientist,
Web Test Automation Engineer,
Senior Android Framework Engineer,
VB.NET Software Engineer - Contractor,
Principal Software Development Engineer - SDK,
IT Project Manager,
"Manager, Cyber Security Governance",
Sr. Software Engineer,
Principal Diversity Recruiter,
Lead Value Engineer,
Senior Data Engineer,
Senior Interaction Designer,
Lead BizOps Engineer,
Interaction Designer,
"Lead, Product Manager - Technical",
Solution Architect,
"Sr. Director, Product and Technical Customer Service",
Business Analyst,
Business Analyst,
Business Analyst,
Developer,
Sr System Engineer,
Sharepoint/Front End Developer,
Content Manager,
Developer,
Functional Tester,
Functional Tester,
Functional Tester,
Automation Testing Selenium,
Lease Analyst,
Automation Testing Selenium,
DELL-BOOMI || API-MGMT-IPAAS,
Vision Plus Testers,
Linux Kernel Developer,
Website Designer,
BIA (Business Information & Analytics) - Sector Specialist Researcher,
Senior Member of Technical Staff,
Junior Reporting Team Lead in Market Risk,
Software Developer 3,
Senior Principal Cloud Technical Program Manager (JoinOCI-PPM),
Derivatives Clearing Sales/CRM (AS-VP),
LAD-MX | DBA Oracle - Technical Analyst - Support,
Dot Net,
"Shareworks by Morgan Stanley - Assistant Vice President, CIS Risk",
C Developer (security),
Senior Automation Cloud Engineer - Database skills,
Senior Java Developer (FinRIA),
Senior Principal Consultant,
Full-Stack Developer (Valuation Control),
Data Governance Associate,
"IED, Market Making Quantitative Strategist, Associate /Vice President",
Regulatory Control Group - IED,
Senior Software Engineer,
Web Developer,
Ionic Developer,
Java Developer,
Python Developer,
Principal Member of Technical Staff - Cloud Engineering Infrastructure Development,
Oracle Plsql Developer,
"Manager, Business Solution",
Asp.Net Developer(MVC),
Senior Project Manager-Cyber Security,
Application Engineer-Websphere Commerce Server,
Full Stack Developer,
Software Engineer,
Quality Assurance Engineer/ ETL Developer,
Software Engineer,
Software Engineer,
Software Engineer,
Compiler Verification Software Developer - GPU,
Head of Global Sales Integration,
Cloud Infrastructure Software Engineering Manager,
Visual Creative (Digital Learning),
"Product Manager, Data Science",
Apriso Manufacturing Support,
Senior Verification Engineer,
Software Intern,
IT Specialist 3,
SharePoint Operations,
Senior Verification Engineer - PCIE,
"Senior Director, Infrastructure & Enterprise Automation",
Technical Leader,
Solutions Engineer,
Data Modeler,
Manager - Projects,
Technical Writer/User Assistance Developer,
Security Engineer,
Technology Lead,
Associate Project Manager,
Manager - Projects,
Manager - Projects,
Sr. Associate - Projects,
Automation Test Lead_C2E_I&I Equities,
Incident Manager - Cloud Operations,
Database Administration Manager [DBA] Req Canada | Australia,
"Network Engineers Req in Canada | Australia,Network Engineer",
"Dot Net Programmer,Req for r Required For Canada | Australia",
Software Engineer Req in Canada & Australia,
Business Analyst req in Canada | Australia,
Mainframe Consultant req in Canada | Australia,
SEO Manager Req For Canada | Australia,
Mainframe Consultant req in Canada | Australia,
PHP / Laravel developer,
"""Requirement for Business Intelligence Analyst""",
Unix Administration,
.Net Developer,
Immediate Joining Graphic Designer,
.Net Developer,
Customer Development Manager - Big C,
Sr Analyst - Global Data Management,
Retail Category Manager - Oral Care,
Associate Analyst II - Analyst Analytics,
Senior Engineer,
Event Configuration Specialist I,
Oracle Cloud HCM Technical Lead,
Agile Program Manager,
Analyst Product Transformation,
Analyst Product Transformation,
Analyst Supply & Demand Transformation,
Analyst Supply & Demand Transformation,
"Analyst, Integration - IIB/DataPower",
Analytics Engineer,
Data Engineer,
Tenant Services Coordinator,
Space Data Manager,
"Service Analyst (Business Support, Data Quality and Data Governance)",
UX Designer- Global Technology- Cloud Apps,
Junior Billing Analyst,
Junior Billing Analyst,
Customer Support (Application Operations),
Sr. System Engineer,
Database Engineer,
GUI Developer,
Chief Systems Architect,
Senior Implementation Analyst,
Application Cybersecurity Engineer,
IOS Developer,
Senior Product Manager,
Sr. .Net Developer,
UI/UX Designer/Developer,
AWS Lead Architect,
Dot Net Developer,
Digital Designer,
WordPress Developer,
Senior PHP Developer,
HTML CSS Developer,
Engineering Technologist,
Software Developer,
QA/ Software Tester,
Business Development Executive (BDE),
WordPress Developer,
Sr. Quality Analyst (Manual Testing),
Neoload Tester,
SIE Data Engineer,
Senior Front-End Engineer (ReactJS),
Project Coordinator,
Jr Python Automation,
Senior Software Development Engineer,
Technical Manager,
Technical Lead - Testing,
Data Research Executive,
"MTS 1, Software Engineer",
Tech Lead JavaScript,
Sr Data Architect,
Software Engineer 3,
Apache Cassandra Developer,
Consulting,
Escher,
Oracle Apps Technical Consultant,
Software Developer - Java,
Creature TD - Crowd,
UI Designer 2 Yrs.,
Application Support,
Partner Success Manager,
Director Engineering,
Sr. Java Oracle ADF Programmer,
Applications Developer 3,
Software Developer 3,
Deployment Manager,
Principal Frontend Developer,
Software Developer 3,
Solution Architect - Customer Experience,
Software Developer 3,
Diversity Leaders,
Freshman Diversity Leaders Intern (Stanford),
"Freshman Diversity Leaders Intern (Northwestern, U of Michigan)",
Freshman Diversity Leaders,
Freshman Diversity Leaders Intern (Georgia Tech),
Freshman Diversity Leaders Intern,
FinTech Analyst Intern - Panorama,
Fellow Business Analyst,
Fellow Associate,
Fellow - McKinsey Digital,
Fellow - Data Science,
Fellow - Cyber Risk Management,
Fellow - Consultant,
"Expert, Data Architecture and Transformation",
Experienced Consultant Operations,
Experienced Consultant,
Digital Service and Product Designer,
Data Scientist Intern - Advanced Analytics,
Data Scientist - McKinsey Analytics,
Data Scientist - McKinsey Analytics,
Data Analytics Specialist - Product Insights,
Consultant,
Consultant,
Consultant - McKinsey Digital,
Consultant,
Data Scientist,
Project Manager ICT,
Senior Analyst - Refinery Database,
Information Architect,
SOFTWARE TEAM/MODULE LEAD,
Software Engineer,
"Team Lead - WordPress , Drupal , PHP",
Senior Analyst - Economic Research,
Senior Software Engineer ( .Net ),
Java Solution Architect,
Java Full Stack Lead Developer Spring/Node.js,
Senior Software Developer ASP/.Net/SQL Server,
WebSphere Developer Java Portlets/JSR 286,
Senior React.js Developer Javascript/jQuery,
Senior Software Engineer Ruby Programming,
React.js Developer Javascript/jQuery,
Node.js Developer Javascript/Express.js,
Python Developer Django/Flask,
Business Intelligence Engineer Data Modeling,
Frontend Developer Javascript/React.js,
UI/UX Designer Sketch/Infographics,
Android Application Developer Java/RESTful API,
Solution Design Engineer CI/CD Pipeline/PaaS,
Automation Lead,
Principal Software Engineer Java/Kafka/RESTful API,
Python Developer,
Graphic Designer,
Java Architect,
PHP Developer,
Mean Stack Developer,
Graphic Designer,
Visual Merchandiser,
Mobile Application Developer,
UI/UX Developer,
Software Testing Trainer,
Technical Architect,
Cloud Architect,
Client Service Executive,
Technical Architect,
Cloud Architect,
SAP Consultant,
Ruby On Rails Architect,
DevOps Engineer,
HR Operations Executive,
Graphic Designer,
Full Stack Developer,
Career Counselor,
Spanish Language Expert,
Service Management Analyst,
Content Manager,
GIS Support Analyst,
GIS Solutions Architect,
Engineer Team Lead,
QA Tester,
Web Developer,
GIS Specialist,
GIS Specialist,
GIS Solutions Architect,
GIS Administrator,
GIS Developer,
iOS Developer,
Magento Developer,
QA Tester,
PHP Developer,
CRM Administrator,
CRM Administrator,
Network & System Administrator,
Network & System Administrator,
Technical Project Manager,
UI Frontend Developer,
Android Developer,
Project Manager Retail,
Program Manager,
Offshore Delivery Manager,
Mobile App Development,
Ruby on Rails Developer,
Laravel Developer (PHP),
Sales Manager,
Full Stack React Native App Developer,
SAP PM/PS Consultant,
SAP MM-SD Consultant,
IBM FileNet Administrator Bangalore,
SAP ABAP Webdynpro Forms Consultant Bangalore,
SharePoint Developer Bangalore,
Platform Architect,
Senior Statistician,
Software Engineer,
Test Engineer,
SAP TRM Consultant,
SQL Database Administrator,
Tibco MDM Developer,
Tibco MDM Developer,
Pega Developer,
Full Stack Java Developers,
ATE Engineer,
full stack developer,
Software Developer Java/JEE / Python / C,
DevOps (Private/On-prem Cloud),
DevOps (Public Cloud),
Quality Test Engineer,
System Test Engineer_Perfectly Keyless,
VPP (Vector Packet Processing) / DPDK (Data Plane Development Kit),
QA Automation Developer,
Tools Developer,
QA Automation Engineer,
Senior Linux Platform Engineer,
P4 / Data Plane Development,
As a Senior Tech Lead,
Java - Tech Lead Databases,
Java - Senior Architect,
Full Stack Developer,
As a QA Automation Engineer.,
IT Head.,
MANAGER - MIS,
Software Specialist,
"Principal Scientist/Senior Principal Scientist, Analytical Process Research",
Technical Writer,
Software Architect,
Sr. Full-Stack Engineer,
Senior Consultant - ModellingOps Data Engineer,
Software Quality Engineer - Manual/ Automation,
Sr. Software Engineer- UI,
Software Quality Engineer - Automation,
Global Lead - Testing,
Engineering Manager/ Staff Software Engineer,
Hiring for Dot Net Developer (MVC),
Automation QA Lead,
Scrum Master,
ASIC PDK Development and PPA Engineer,
PDK Development and QA Engineer,
Design Automation Engineer for Extraction( Electrical/RC extraction),
Design Automation Engineer for Fill and Physical sign,
Hiring for Dot Net Developer (WCF),
Compiler Engineer Careers,
ASIC PDK Development and PPA Engineer,
PDK Development and QA Engineer,
Design Automation Engineer for Extraction( Electrical/RC extraction),
Design Automation Engineer for Fill and Physical sign off flow,
Selenium Testing,
Data Scientist,
Data Scientist,
Compiler Engineer,
Software Developer (asp.net MVC Developer),
Junior Devops Engineer,
Junior Devops Engineer,
Senior Java Developer / Technical Architect,
Java Developer,
Java Developer,
Frontend Developer (react Js/angular JS),
Frontend Developer (react Js/angular JS),
"Senior Director of Enterprise Architecture, International Markets",
"Client Success Associate - Healthcare, Midwest Region",
MySQL DBA,
Sr. DevOps Engineer,
Sr Devops Engineer,
Product Owner II,
IN_RBEI_GSP_Microcontroller/Microprocessor design Specialist,
Diagnostics_Architect,
2020_ETA_DevOps_Engineer,
Data Science [emailprotected],
EKI_Security Software Developer,
Staff Software Engineer,
Senior Software Engineer,
Senior Software Engineer,
Senior Software Engineer,
Associate Software Engineer,
ASP.NET DEVELOPER,
Senior Developer Vlocity,
Senior Developer SFDC,
Global Vice President - Client Mainframe Operations,
Senior Mainframe Network System Programmer,
Senior Mainframe Systems Programmer-MF Network VTAM,
Senior Software Engineer,
Sr. IT System Analyst - Jira Admin,
Independent Contractor - Informatica MDM,
Analyst,
Food Services Specialist,
Food Services Specialist,
"Epic Patient Access - Consultant (Prelude, Cadence)",
Senior Manager - .Net Engineering with Cloud,
Scrum Lead,
Food Services Specialist,
Food Services Specialist,
Connectivity Developer,
Business Analyst,
Food Services Specialist,
Java SME,
EAP Counselor,
Senior Software Engineer I,
"Epic Revenue Cycle - Sr Consultant (Resolute, Professional Billing, Hospital Billing, Claims)",
Senior Pega Developer,
Senior Pega Business Analyst,
Data Scientist,
Pega Decisioning Architect,
Senior Software Engineer,
Chatbot-Senior Manager,
Chatbot UI Architect,
AI-ML Consultant,
Chatbot QA Consultant,
Senior Manager-Data Analytics,
Technical Writer,
Software Test Engineer,
Systems Design Eng.,
Package Design Engineer,
Firmware Engineer,
iOS Developer,
IT Analyst III - SAP BASIS,
"Strategy Manager, Cat Digital",
SAP NS2 Cloud Operations Analyst Intern,
Corporate Consulting Senior Director,
Lead Data Scientist,
Developer - (ABAP) S/4 PMCIE,
RPA Developer,
RPA Developer,
Senior Developer (Scrum Architect ABAP),
Sr. Associate - Projects,
Software Development Engineer II,
Software Development Engineer II,
SDE III - Backend or Backend Full Stack,
Principal Consultant - Sysadmin Siebel,
Site Operations Center (SOC) Engineer,
Software Developer - Java | PL/SQL,
"Developer (UI/AngularJS), Mobile Applications",
Software Developer - Java | PL/SQL,
(Junior) Developer,
Senior or Principal Software Developer - Public Cloud,
Junior Software Developer - Public Cloud,
Database Consultant/DBA--Oracle and SQL Server,
Sr SQL Server Database Administrator,
IT Business Implementation Analyst 3,
Internal and External Posting - Deskside Technician - 2nd Shift,
Marketing Comm / PR Specialist 5,
IT Asset Management Advisor - Lead & HAM SME,
"Director, North America Cloud Engineering",
IT Asset Management Lead,
SQL Database Administrator,
ERP Consultant,
Transaction Quality Assurance Associate,
Technical Ops Expert - Active Directory,
Project Manager - Technology Acceleration,
SCM Consultant,
Security Architect - OT,
Analyst,
EPM Consultant,
Transaction Quality Assurance Associate,
Transaction Quality Assurance Associate,
Associate Project Manager,
Associate Project Manager,
Technical Consultant,
"Senior Advisor, Database Administrator",
"Manager, Software Engineering",
Lead Software Engineer,
Lead Software Engineer,
Senior Software Engineer,
Developer 2,
Software Engineer 2,
Software Engineer 2,
Software Engineer 2,
Lead Developer,
Developer 2,
Developer 2,
"Manager, Software Engineering",
"Manager, Software Engineering",
Senior Software Engineer,
"Manager, Software Engineering",
Lead Software Engineer,
Senior Software Engineer,
Senior Software Engineer,
Senior Software Engineer,
Lead Software Engineer,
Senior Software Engineer,
Senior Developer,
Senior Software Engineer,
Senior Developer,
Senior Developer (Big Data),
Senior Systems Engineer - India,
Elk Engineer,
DevOps Analyst,
AWS Developer,
Technical Lead,
System Administrator and Virtualization Engineer IRES - SAFB,
BMD Exercise Event Lead IRES - SAFB,
Qlik Sense Developer,
Propulsion Systems Engineer,
Business Engineering Systems Support Tech (Configuration Manager) TS/SCI with Poly,
Logistician - TS/SCI with Polygraph,
Linux Server Systems Engineer IRES - HSV,
"Principal, Digital Forensics Investigator",
Software Engineer,
Project Manager,
Weblogic Administrator,
Lead SAP FICO Consultant,
JavaScript Developer : React.js,
Pre-Sales Specialist-Client Technical Storage,
Senior Openshift Architect,
Solution Architect,
Partner Manager,
Solution Architect- ICS,
Quality Assurance Engineer,
Mediacom I Data Solutions Executive,
Senior Java/J2EE Full Stack Application Developer,
"Business Analyst - Alpha, AVP",
"Senior Java Developer, AVP",
Java Developer,
Data Commercialisation Manager,
"Business Analyst, Technology",
"Product Head - Digital Banking, Lending and Bureau",
Architect IAM Cyber Security Services,
Junior WordPress Developer,
Junior Laravel Developer,
Female Software Tester,
UI Automation Engineer,
Business Analyst,
Global Pricing and Programs Specialist,
"Advisory Solution Consultant, IT Solutions",
Advisory Solution Architect,
Data Scientist,
Full Stack Development Engineer,
Sr. Technical Writer,
Senior Product Manager,
ITS Expert Virtual Workspace,
Sec DevOps,
Software Engineering Manager,
Cyber Security & Compliance Specialist,
Salesforce Support -Manager / Lead,
Software Development Director for AI (Cognitive) Services,
Product Manager/Strategy 5-ProdDev,
Cloud Solution Engineer (AppDev),
Senior Fullstack Developer,
Technology License Sales Representative - Lille,
Core Java / Microservices developer,
DevOps Developer 2,
Software Developer 4,
New Graduate Consulting Position,
Data Center Technician,
Principal Software Engineer,
Expert Services Specialist,
Expert Services Specialist,
Expert Services Specialist,
Senior Principal Consultant - Developer (US-NSG),
QA Analyst 3-ProdDev,
Consulting Member Technical Staff,
ASE Fusion Middleware,
Software Developer 3,
Software Developer 3,
Software Developer 3,
Security Operation Center (SOC) Analyst,
Security Operation Center (SOC) Analyst,
Systems Analyst 3-Support,
Software Developer 3,
Designation- Engineer Projects,
Backend Developer,
QA/Sr. QA Engineer,
Project Manager - Machine Learning / AI,
Senior Software Engineer,
Curriculum Designer CD- CODING,
Software Development Engineer III (Frontend),
SAP Business One Technical Consultant,
EPBCS Developer,
Developer,
Azure Data modeler,
Ignition SCADA Expert,
Senior Azure Data engineer,
Management Support,
Azure AD SSO B2B B2C Consultant,
SAP Basis Consultant,
ReactJS - Senior Developer,
Excellent Opportunity for OBIEE Consultant,
Ms CRM Technical Consultant,
Sr.. Project Manager,
Java developer,
Lead Developer,
Project Manager (New Product Development),
Senior Applications Analyst-Supply Chain Applications,
Cloud Infrastructure Administrator,
Application Architect-Cloud Modernization,
Delivery Modernization Lead,
Delivery Modernization Lead,
Delivery Modernization Lead,
Delivery Modernization Lead,
Research Scientist - Health AI Postdoc Researcher,
Genesys Technical Specialist,
Software Engineer,
Systems Management Specialist - SAP,
Back End JavaScript Developer (TS/SCI FS Poly),
DevOps Consultant / Architect,
Cloud Security Architect,
"Associate Partner, Digital Strategy - Tech and Data",
"Associate Partner, Digital Strategy - Telco",
"Associate Partner, Digital Strategy - Agile",
Automation Tester- IBM CIC,
Application Architect - EAI,
Java Developer,
Java Developer,
"IBM Research/Data Scientist - Health AI, Image Analytics",
Business Analyst,
Software Development Engineer,
VP Engineering,
"Principal Engineer, Systems",
Associate - Projects,
Associate - Projects,
Associate - Projects,
Associate - Projects,
Sr. Associate - Projects,
Associate - Projects,
Associate - Projects,
Sr. Associate - Projects,
Sr. Associate - Projects,
Associate - Projects,
Associate - Projects,
Sr. Associate - Projects,
Associate - Projects,
Associate - Projects,
Sr. Associate - Projects,
Manager - Projects,
Manager - Projects,
Associate - Projects,
Manager - Projects,
Associate - Projects,
Associate - Projects,
Sr. Associate - Projects,
Associate - Projects,
Associate - Projects,
Project Manager,
Software Designer,
Tender Leader,
Test & Commissioning Signalling Engineer,
ERTMS Trainborne V&V Engineer,
IXL Design Engineer,
ERTMS Trainborne V&V Engineer,
Integrated Control Center design Engineer,
ATS Integrator,
IT Infrastructure Project Manager,
SDE III - UI,
PHP Developer,
Angular Node JS,
Operation support engineer,
SOFTWARE PROGRAMMES,
CUSTOMER SERVICE EXECUTIVES - SOC,
SOFTWARE PROGRAMMER /DEVELOPER,
Project Manager - Product Development / Medical Device,
Assistant IT Infrastructure Manager Database Administration,
"Clinical Informatics Systems Analyst, Software Systems Engineering",
Magento Developer,
SEO Required,
Designer,
Web Developer,
IT Sales Representative,
Backend Developer,
Data Scientist,
BI Engineer,
Data Engineer,
BI & Analytics Lead,
".Net Architect (Node Js, angular, Python(preferred))",
iOS developer,
Python Test Engineer,
Mobile Developer - Android/iOS,
Technical Program Manager,
Node Js Developer,
Front End Developer,
Software Tester,
Creative Designer,
iOS Developer,
Android Developer,
Sr. Software Engineer .Net - Immediate,
Technical Trainer,
SEO Analyst,
Creative Designer,
Animator,
UI Developer,
Android Developer,
Magento Developer,
React Native Developer,
iOS Developer,
Information Computer Telecom Specialist Associate,
JITC Global Command and Control System-Joint (GCCS-J) Laboratory and Test Manager,
Cyber Operations Specialist IRES - HSV,
Cyber Security Quality Assurance Analyst - Principal,
Staff SW Dev Engineer,
Cyber Security Quality Assurance Analyst - Principal,
"JITC Defense Intel Info Enterprise, Test and Evaluation Focus Team (TEFT)",
Project Manager - Aviation,
Senior Mechanical Design Engineer - Exploration Space Suit,
Systems Engineer - Space Suits,
Test Engineer,
Thermal Analysis Engineer,
Cost Engineer,
Assistant Air Quality Modeller,
Urgent requirement of Software Engineer in Canada / Australia,
Urgent requirement of Computer Engineer in Canada / Australia,
Urgent Requirement of Web Designer for Canada / Australia,
Urgent requirement of IT Specialist for Canada/Australia,
Network Installer - TS/SCI with POLY,
Fixed Income Financing Dev AVP,
Computer Systems Analyst,
SMMS Shared Services DevOps Engineer NISSC II,
Software Configuration Specialist-NISSC II,
Project Manager,
Systems Engineer,
Field Marketing Associate Global Partner Marketing,
VP - Software Engineering,
Mechanical Manager operation,
Staff Software Engineer,
Senior Software Engineer,
UI/UX Designer,
Platform Engineer,
Journey Expert,
Software Tester (Manual and Automation),
Engineer,
Java Developer,
"Lead / Senor Software Development Engineer, Introspection",
PHP Programmer,
Principal Engineer (Architect),
Senior Software Developer,
Java Developers,
Sr / Staff Software Developer,
"Staff Engineer, Introspection",
Product Support Analyst,
Software Licensing Assistant,
Senior UX Designer,
Big Data - Lead Software Engineer,
Freelancer Graphic Designer,
Junior PHP Developer(Codeignitor),
"Technical Writer Editor, Senior",
"Technical Writer Editor, Senior",
Enterprise Mobility Consultant,
"Technical Writer, Journeyman",
Partner Sales Engineer,
"NetSuite PBCS / PSA, Sales Snr Manager",
"NetSuite AMO, Sales Snr Manager",
R&D Trainee,
Software Development Engineer in Test II,
"Senior Engineer, JAMF",
"Principal Enterprise Analyst, Finance & Accounting",
Senior Scientist,
Web Test Automation Engineer,
Senior Android Framework Engineer,
VB.NET Software Engineer - Contractor,
Principal Software Development Engineer - SDK,
IT Project Manager,
"Manager, Cyber Security Governance",
Sr. Software Engineer,
Principal Diversity Recruiter,
Lead Value Engineer,
Senior Data Engineer,
Senior Interaction Designer,
Lead BizOps Engineer,
Interaction Designer,
"Lead, Product Manager - Technical",
Solution Architect,
"Sr. Director, Product and Technical Customer Service",
Business Analyst,
Business Analyst,
Business Analyst,
Developer,
Sr System Engineer,
Sharepoint/Front End Developer,
Content Manager,
Developer,
Functional Tester,
Functional Tester,
Functional Tester,
Automation Testing Selenium,
Lease Analyst,
Automation Testing Selenium,
DELL-BOOMI || API-MGMT-IPAAS,
Vision Plus Testers,
Linux Kernel Developer,
Website Designer,
BIA (Business Information & Analytics) - Sector Specialist Researcher,
Senior Member of Technical Staff,
Junior Reporting Team Lead in Market Risk,
Software Developer 3,
Senior Principal Cloud Technical Program Manager (JoinOCI-PPM),
Derivatives Clearing Sales/CRM (AS-VP),
LAD-MX | DBA Oracle - Technical Analyst - Support,
Dot Net,
"Shareworks by Morgan Stanley - Assistant Vice President, CIS Risk",
C Developer (security),
Senior Automation Cloud Engineer - Database skills,
Senior Java Developer (FinRIA),
Senior Principal Consultant,
Full-Stack Developer (Valuation Control),
Data Governance Associate,
"IED, Market Making Quantitative Strategist, Associate /Vice President",
Regulatory Control Group - IED,
Senior Software Engineer,
Web Developer,
Ionic Developer,
Java Developer,
Python Developer,
Principal Member of Technical Staff - Cloud Engineering Infrastructure Development,
Oracle Plsql Developer,
"Manager, Business Solution",
Asp.Net Developer(MVC),
Senior Project Manager-Cyber Security,
Application Engineer-Websphere Commerce Server,
Full Stack Developer,
Software Engineer,
Quality Assurance Engineer/ ETL Developer,
Software Engineer,
Software Engineer,
Software Engineer,
Compiler Verification Software Developer - GPU,
Head of Global Sales Integration,
Cloud Infrastructure Software Engineering Manager,
Visual Creative (Digital Learning),
"Product Manager, Data Science",
Apriso Manufacturing Support,
Senior Verification Engineer,
Software Intern,
IT Specialist 3,
SharePoint Operations,
Senior Verification Engineer - PCIE,
"Senior Director, Infrastructure & Enterprise Automation",
Technical Leader,
Solutions Engineer,
Data Modeler,
Manager - Projects,
Technical Writer/User Assistance Developer,
Security Engineer,
Technology Lead,
Associate Project Manager,
Manager - Projects,
Manager - Projects,
Sr. Associate - Projects,
Automation Test Lead_C2E_I&I Equities,
Incident Manager - Cloud Operations,
Database Administration Manager [DBA] Req Canada | Australia,
"Network Engineers Req in Canada | Australia,Network Engineer",
"Dot Net Programmer,Req for r Required For Canada | Australia",
Software Engineer Req in Canada & Australia,
Business Analyst req in Canada | Australia,
Mainframe Consultant req in Canada | Australia,
SEO Manager Req For Canada | Australia,
Mainframe Consultant req in Canada | Australia,
PHP / Laravel developer,
"""Requirement for Business Intelligence Analyst""",
Unix Administration,
.Net Developer,
Immediate Joining Graphic Designer,
.Net Developer,
Customer Development Manager - Big C,
Sr Analyst - Global Data Management,
Retail Category Manager - Oral Care,
Associate Analyst II - Analyst Analytics,
Senior Engineer,
Event Configuration Specialist I,
Oracle Cloud HCM Technical Lead,
Agile Program Manager,
Analyst Product Transformation,
Analyst Product Transformation,
Analyst Supply & Demand Transformation,
Analyst Supply & Demand Transformation,
"Analyst, Integration - IIB/DataPower",
Analytics Engineer,
Data Engineer,
Tenant Services Coordinator,
Space Data Manager,
"Service Analyst (Business Support, Data Quality and Data Governance)",
UX Designer- Global Technology- Cloud Apps,
Junior Billing Analyst,
Junior Billing Analyst,
Customer Support (Application Operations),
Sr. System Engineer,
Database Engineer,
GUI Developer,
Chief Systems Architect,
Senior Implementation Analyst,
Application Cybersecurity Engineer,
IOS Developer,
Senior Product Manager,
Sr. .Net Developer,
UI/UX Designer/Developer,
AWS Lead Architect,
Dot Net Developer,
Digital Designer,
WordPress Developer,
Senior PHP Developer,
HTML CSS Developer,
Engineering Technologist,
Software Developer,
QA/ Software Tester,
Business Development Executive (BDE),
WordPress Developer,
Sr. Quality Analyst (Manual Testing),
Neoload Tester,
SIE Data Engineer,
Senior Front-End Engineer (ReactJS),
Project Coordinator,
Jr Python Automation,
Senior Software Development Engineer,
Technical Manager,
Technical Lead - Testing,
Data Research Executive,
"MTS 1, Software Engineer",
Tech Lead JavaScript,
Sr Data Architect,
Software Engineer 3,
Apache Cassandra Developer,
Consulting,
Escher,
Oracle Apps Technical Consultant,
Software Developer - Java,
Creature TD - Crowd,
UI Designer 2 Yrs.,
Application Support,
Partner Success Manager,
Director Engineering,
Sr. Java Oracle ADF Programmer,
Applications Developer 3,
Software Developer 3,
Deployment Manager,
Principal Frontend Developer,
Software Developer 3,
Solution Architect - Customer Experience,
Software Developer 3,
Diversity Leaders,
Freshman Diversity Leaders Intern (Stanford),
"Freshman Diversity Leaders Intern (Northwestern, U of Michigan)",
Freshman Diversity Leaders,
Freshman Diversity Leaders Intern (Georgia Tech),
Freshman Diversity Leaders Intern,
FinTech Analyst Intern - Panorama,
Fellow Business Analyst,
Fellow Associate,
Fellow - McKinsey Digital,
Fellow - Data Science,
Fellow - Cyber Risk Management,
Fellow - Consultant,
"Expert, Data Architecture and Transformation",
Experienced Consultant Operations,
Experienced Consultant,
Digital Service and Product Designer,
Data Scientist Intern - Advanced Analytics,
Data Scientist - McKinsey Analytics,
Data Scientist - McKinsey Analytics,
Data Analytics Specialist - Product Insights,
Consultant,
Consultant,
Consultant - McKinsey Digital,
Consultant,
Data Scientist,
Project Manager ICT,
Senior Analyst - Refinery Database,
Information Architect,
SOFTWARE TEAM/MODULE LEAD,
Software Engineer,
"Team Lead - WordPress , Drupal , PHP",
Senior Analyst - Economic Research,
Senior Software Engineer ( .Net ),
Java Solution Architect,
Java Full Stack Lead Developer Spring/Node.js,
Senior Software Developer ASP/.Net/SQL Server,
WebSphere Developer Java Portlets/JSR 286,
Senior React.js Developer Javascript/jQuery,
Senior Software Engineer Ruby Programming,
React.js Developer Javascript/jQuery,
Node.js Developer Javascript/Express.js,
Python Developer Django/Flask,
Business Intelligence Engineer Data Modeling,
Frontend Developer Javascript/React.js,
UI/UX Designer Sketch/Infographics,
Android Application Developer Java/RESTful API,
Solution Design Engineer CI/CD Pipeline/PaaS,
Automation Lead,
Principal Software Engineer Java/Kafka/RESTful API,
Python Developer,
Graphic Designer,
Java Architect,
PHP Developer,
Mean Stack Developer,
Graphic Designer,
Visual Merchandiser,
Mobile Application Developer,
UI/UX Developer,
Software Testing Trainer,
Technical Architect,
Cloud Architect,
Client Service Executive,
Technical Architect,
Cloud Architect,
SAP Consultant,
Ruby On Rails Architect,
DevOps Engineer,
HR Operations Executive,
Graphic Designer,
Full Stack Developer,
Career Counselor,
Spanish Language Expert,
Service Management Analyst,
Content Manager,
GIS Support Analyst,
GIS Solutions Architect,
Engineer Team Lead,
QA Tester,
Web Developer,
GIS Specialist,
GIS Specialist,
GIS Solutions Architect,
GIS Administrator,
GIS Developer,
iOS Developer,
Magento Developer,
QA Tester,
PHP Developer,
CRM Administrator,
CRM Administrator,
Network & System Administrator,
Network & System Administrator,
Technical Project Manager,
UI Frontend Developer,
Android Developer,
Project Manager Retail,
Program Manager,
Offshore Delivery Manager,
Mobile App Development,
Ruby on Rails Developer,
Laravel Developer (PHP),
Sales Manager,
Full Stack React Native App Developer,
SAP PM/PS Consultant,
SAP MM-SD Consultant,
IBM FileNet Administrator Bangalore,
SAP ABAP Webdynpro Forms Consultant Bangalore,
SharePoint Developer Bangalore,
Platform Architect,
Senior Statistician,
Software Engineer,
Test Engineer,
SAP TRM Consultant,
SQL Database Administrator,
Tibco MDM Developer,
Tibco MDM Developer,
Pega Developer,
Full Stack Java Developers,
ATE Engineer,
full stack developer,
Software Developer Java/JEE / Python / C,
DevOps (Private/On-prem Cloud),
DevOps (Public Cloud),
Quality Test Engineer,
System Test Engineer_Perfectly Keyless,
VPP (Vector Packet Processing) / DPDK (Data Plane Development Kit),
QA Automation Developer,
Tools Developer,
QA Automation Engineer,
Senior Linux Platform Engineer,
P4 / Data Plane Development,
As a Senior Tech Lead,
Java - Tech Lead Databases,
Java - Senior Architect,
Full Stack Developer,
As a QA Automation Engineer.,
IT Head.,
MANAGER - MIS,
Software Specialist,
"Principal Scientist/Senior Principal Scientist, Analytical Process Research",
Technical Writer,
Software Architect,
Sr. Full-Stack Engineer,
Senior Consultant - ModellingOps Data Engineer,
Software Quality Engineer - Manual/ Automation,
Sr. Software Engineer- UI,
Software Quality Engineer - Automation,
Global Lead - Testing,
Engineering Manager/ Staff Software Engineer,
Hiring for Dot Net Developer (MVC),
Automation QA Lead,
Scrum Master,
ASIC PDK Development and PPA Engineer,
PDK Development and QA Engineer,
Design Automation Engineer for Extraction( Electrical/RC extraction),
Design Automation Engineer for Fill and Physical sign,
Hiring for Dot Net Developer (WCF),
Compiler Engineer Careers,
ASIC PDK Development and PPA Engineer,
PDK Development and QA Engineer,
Design Automation Engineer for Extraction( Electrical/RC extraction),
Design Automation Engineer for Fill and Physical sign off flow,
Selenium Testing,
Data Scientist,
Data Scientist,
Compiler Engineer,
Software Developer (asp.net MVC Developer),
Junior Devops Engineer,
Junior Devops Engineer,
Senior Java Developer / Technical Architect,
Java Developer,
Java Developer,
Frontend Developer (react Js/angular JS),
Frontend Developer (react Js/angular JS),
"Senior Director of Enterprise Architecture, International Markets",
"Client Success Associate - Healthcare, Midwest Region",
MySQL DBA,
Sr. DevOps Engineer,
Sr Devops Engineer,
Product Owner II,
IN_RBEI_GSP_Microcontroller/Microprocessor design Specialist,
Diagnostics_Architect,
2020_ETA_DevOps_Engineer,
Data Science [emailprotected],
EKI_Security Software Developer,
Staff Software Engineer,
Senior Software Engineer,
Senior Software Engineer,
Senior Software Engineer,
Associate Software Engineer,
ASP.NET DEVELOPER,
Senior Developer Vlocity,
Senior Developer SFDC,
Global Vice President - Client Mainframe Operations,
Senior Mainframe Network System Programmer,
Senior Mainframe Systems Programmer-MF Network VTAM,
Senior Software Engineer,
Sr. IT System Analyst - Jira Admin,
Independent Contractor - Informatica MDM,
Analyst,
Food Services Specialist,
Food Services Specialist,
"Epic Patient Access - Consultant (Prelude, Cadence)",
Senior Manager - .Net Engineering with Cloud,
Scrum Lead,
Food Services Specialist,
Food Services Specialist,
Connectivity Developer,
Business Analyst,
Food Services Specialist,
Java SME,
EAP Counselor,
Senior Software Engineer I,
"Epic Revenue Cycle - Sr Consultant (Resolute, Professional Billing, Hospital Billing, Claims)",
Senior Pega Developer,
Senior Pega Business Analyst,
Data Scientist,
Pega Decisioning Architect,
Senior Software Engineer,
Chatbot-Senior Manager,
Chatbot UI Architect,
AI-ML Consultant,
Chatbot QA Consultant,
Senior Manager-Data Analytics,
